{"type":"FeatureCollection","name":"manasquan_road_centerlines","metadata":{"source":"NJOGIS NG911 Road Centerlines (Tran_road)","url":"https://services2.arcgis.com/XVOqAjTOJ5P6ngMu/arcgis/rest/services/Tran_road/FeatureServer/0","query_url":"https://services2.arcgis.com/XVOqAjTOJ5P6ngMu/arcgis/rest/services/Tran_road/FeatureServer/0/query","retrieved_at_utc":"2026-09-04T20:05:35.872428+00:00","source_last_edit_date":1785341586960,"out_sr":4326,"query_envelope_wgs84":[-74.0619892,40.1009589,-74.0309949,40.1326776],"spatial_relationship":"esriSpatialRelIntersects","boundary_file":"manasquan_boundary.geojson","boundary_sha256":"4fb2f98df3ed649c771e522863cf3fba30af3a10cbdbe4a88aa58e934568041a","fields":["OBJECTID","PRIMENAME","ELEVTYP_F","ELEVTYP_T"],"feature_count":883,"complete_objectid_inventory_verified":true,"municipal_clipping":"Envelope selection only; clip against the actual municipal boundary in the application."},"features":[{"type":"Feature","id":1292,"properties":{"OBJECTID":1292,"PRIMENAME":"Linden Lane","ELEVTYP_F":0,"ELEVTYP_T":0},"geometry":{"type":"LineString","coordinates":[[-74.0581538208149,40.104330881732],[-74.058091723235,40.1043306448315],[-74.0580231972254,40.1043732922045],[-74.0578111744016,40.1045249849673],[-74.0574807509161,40.1047525170221],[-74.0573684741931,40.1048378786561],[-74.0573245993872,40.104899672991],[-74.0573180748759,40.1049520555544],[-74.0573549209675,40.1050094090474],[-74.0577877342836,40.1052684342061],[-74.0586223703717,40.1057815861076],[-74.0590922570583,40.1060645771712],[-74.0591687552861,40.1061106602776]]}},{"type":"Feature","id":1847,"properties":{"OBJECTID":1847,"PRIMENAME":"Atlantic Avenue","ELEVTYP_F":0,"ELEVTYP_T":0},"geometry":{"type":"LineString","coordinates":[[-74.0556714605123,40.128833176696],[-74.0552899413531,40.1286727404189]]}},{"type":"Feature","id":1887,"properties":{"OBJECTID":1887,"PRIMENAME":"Belaire Road","ELEVTYP_F":0,"ELEVTYP_T":0},"geometry":{"type":"LineString","coordinates":[[-74.060502494326,40.1047330277325],[-74.0604480820484,40.1046827744572],[-74.0596397981862,40.1039361924631],[-74.0595351876064,40.1038377861871],[-74.059428125549,40.1037370701301],[-74.0593498277701,40.103663414735]]}},{"type":"Feature","id":2151,"properties":{"OBJECTID":2151,"PRIMENAME":"East Main Street","ELEVTYP_F":0,"ELEVTYP_T":0},"geometry":{"type":"LineString","coordinates":[[-74.0466070593411,40.120640762454],[-74.0473137948782,40.121102623117],[-74.0473806568213,40.1211462191664],[-74.0475376161514,40.121248559602]]}},{"type":"Feature","id":2726,"properties":{"OBJECTID":2726,"PRIMENAME":"East Virginia Avenue","ELEVTYP_F":0,"ELEVTYP_T":0},"geometry":{"type":"LineString","coordinates":[[-74.0426487898682,40.114087434267],[-74.042763597748,40.1141630625388],[-74.0427775887351,40.1141722777628]]}},{"type":"Feature","id":3293,"properties":{"OBJECTID":3293,"PRIMENAME":"4th Avenue","ELEVTYP_F":0,"ELEVTYP_T":0},"geometry":{"type":"LineString","coordinates":[[-74.0378678643806,40.1283007355798],[-74.0376761593932,40.1290147901299],[-74.0375821276422,40.1293748436166]]}},{"type":"Feature","id":3621,"properties":{"OBJECTID":3621,"PRIMENAME":"Cresent Parkway","ELEVTYP_F":0,"ELEVTYP_T":0},"geometry":{"type":"LineString","coordinates":[[-74.0351764740485,40.1300404727138],[-74.0339884301784,40.1298531365706],[-74.0330394527777,40.1297063393391],[-74.032898510433,40.1296845219977]]}},{"type":"Feature","id":3772,"properties":{"OBJECTID":3772,"PRIMENAME":"Pershing Avenue","ELEVTYP_F":0,"ELEVTYP_T":0},"geometry":{"type":"LineString","coordinates":[[-74.0370359786574,40.1159716900483],[-74.0370981855835,40.1159153034922],[-74.0380663570835,40.1150374332513],[-74.0381280228623,40.1149815375484]]}},{"type":"Feature","id":3954,"properties":{"OBJECTID":3954,"PRIMENAME":"Riverview Lane","ELEVTYP_F":0,"ELEVTYP_T":0},"geometry":{"type":"LineString","coordinates":[[-74.0581538208149,40.104330881732],[-74.0578238018814,40.1040378872765]]}},{"type":"Feature","id":4002,"properties":{"OBJECTID":4002,"PRIMENAME":"Locust Road","ELEVTYP_F":0,"ELEVTYP_T":0},"geometry":{"type":"LineString","coordinates":[[-74.0588804247748,40.1064465481152],[-74.058952987895,40.1064930009688],[-74.0593423685242,40.1067423291965],[-74.0596450951977,40.1069627208135],[-74.0600220803649,40.1072167489496],[-74.0604051657761,40.107489878296],[-74.0605906323618,40.1076097557963],[-74.0606836162485,40.1076722605467],[-74.0607760326913,40.1077343820789],[-74.0608996746902,40.1078110878821],[-74.0609986827234,40.1078543999217],[-74.0611598239503,40.1078931160108],[-74.0614821724765,40.1079658245546],[-74.0616059934552,40.1080091750731],[-74.0616988534811,40.1080524623429],[-74.061834902705,40.108129187076],[-74.0620142744251,40.1082299590425],[-74.0621774498829,40.1083255842202],[-74.0622926070714,40.1083930667324]]}},{"type":"Feature","id":4554,"properties":{"OBJECTID":4554,"PRIMENAME":"Camp Drive","ELEVTYP_F":0,"ELEVTYP_T":0},"geometry":{"type":"LineString","coordinates":[[-74.0429354242751,40.1286931392008],[-74.0429757190927,40.1286131867811],[-74.0431099583749,40.1283434973819],[-74.0432329987845,40.1280959727415],[-74.0432772678888,40.1280060743031],[-74.0433208589717,40.127915957008],[-74.0433637355481,40.1278256378262],[-74.0433826252932,40.127784247456]]}},{"type":"Feature","id":4729,"properties":{"OBJECTID":4729,"PRIMENAME":"East Main Street","ELEVTYP_F":0,"ELEVTYP_T":0},"geometry":{"type":"LineString","coordinates":[[-74.0381280228623,40.1149815375484],[-74.0383233318985,40.1151288058131]]}},{"type":"Feature","id":5062,"properties":{"OBJECTID":5062,"PRIMENAME":"Trenton Boulevard","ELEVTYP_F":0,"ELEVTYP_T":0},"geometry":{"type":"LineString","coordinates":[[-74.0378678643806,40.1283007355798],[-74.0365337615314,40.1280903579004],[-74.0357320405419,40.1279647895202]]}},{"type":"Feature","id":5249,"properties":{"OBJECTID":5249,"PRIMENAME":"Riddle Way","ELEVTYP_F":0,"ELEVTYP_T":0},"geometry":{"type":"LineString","coordinates":[[-74.0357958691204,40.1141948819872],[-74.0360285841344,40.1143667919307]]}},{"type":"Feature","id":5279,"properties":{"OBJECTID":5279,"PRIMENAME":"Morris Avenue","ELEVTYP_F":0,"ELEVTYP_T":0},"geometry":{"type":"LineString","coordinates":[[-74.0524702008739,40.1177253012612],[-74.0519231058959,40.1173862281015],[-74.0504453243786,40.1164797134052],[-74.0503401836357,40.1164220926965],[-74.0502657600797,40.1164075008141],[-74.0501974103971,40.1164263155445],[-74.0501487225536,40.1164595707643]]}},{"type":"Feature","id":6098,"properties":{"OBJECTID":6098,"PRIMENAME":"Broad Street","ELEVTYP_F":0,"ELEVTYP_T":0},"geometry":{"type":"LineString","coordinates":[[-74.0516807960051,40.1239542400527],[-74.0514446311823,40.1241775712201]]}},{"type":"Feature","id":6176,"properties":{"OBJECTID":6176,"PRIMENAME":"Stockton Avenue","ELEVTYP_F":0,"ELEVTYP_T":0},"geometry":{"type":"LineString","coordinates":[[-74.0338311443359,40.1173648125447],[-74.0337495550891,40.1173526517964],[-74.0330049716423,40.117241651475],[-74.0329481031354,40.1172331592588]]}},{"type":"Feature","id":6671,"properties":{"OBJECTID":6671,"PRIMENAME":"2nd Avenue","ELEVTYP_F":0,"ELEVTYP_T":0},"geometry":{"type":"LineString","coordinates":[[-74.032290174297,40.1318468667393],[-74.032540791678,40.1308958667911],[-74.0325600099445,40.1308261043785]]}},{"type":"Feature","id":6735,"properties":{"OBJECTID":6735,"PRIMENAME":"Fletcher Avenue","ELEVTYP_F":0,"ELEVTYP_T":0},"geometry":{"type":"LineString","coordinates":[[-74.0431647023603,40.119647273917],[-74.0446899759164,40.1206400499249],[-74.0447805230617,40.1206986064173]]}},{"type":"Feature","id":7321,"properties":{"OBJECTID":7321,"PRIMENAME":"Acpoan Place","ELEVTYP_F":0,"ELEVTYP_T":0},"geometry":{"type":"LineString","coordinates":[[-74.0576337366737,40.1209934316502],[-74.0575554905384,40.1209443758853],[-74.0572146150599,40.1207305804501]]}},{"type":"Feature","id":7566,"properties":{"OBJECTID":7566,"PRIMENAME":"Sequoia Court","ELEVTYP_F":0,"ELEVTYP_T":0},"geometry":{"type":"LineString","coordinates":[[-74.0607247833564,40.1182349702258],[-74.0606514410658,40.1182906958556],[-74.0606151105376,40.1183183082029],[-74.0604642576556,40.1184329607097],[-74.0603269005729,40.1185563621867],[-74.0602207030527,40.1186608016648],[-74.0600769954219,40.1187984546147],[-74.0599770808332,40.1188934190833],[-74.0597962440881,40.1190214319622],[-74.0597129684966,40.1190761572984],[-74.0595655142649,40.1191730563844]]}},{"type":"Feature","id":7794,"properties":{"OBJECTID":7794,"PRIMENAME":"Pine Avenue","ELEVTYP_F":0,"ELEVTYP_T":0},"geometry":{"type":"LineString","coordinates":[[-74.0483995982627,40.1187594403176],[-74.0483160340127,40.1187048669823],[-74.0472280916976,40.1179952694252],[-74.0471511493889,40.1179451417039]]}},{"type":"Feature","id":8435,"properties":{"OBJECTID":8435,"PRIMENAME":"Green Avenue","ELEVTYP_F":0,"ELEVTYP_T":0},"geometry":{"type":"LineString","coordinates":[[-74.0468921493529,40.1104564298124],[-74.0466529615937,40.1106919190551],[-74.0465279695742,40.110820129963],[-74.046371558994,40.1110006251146],[-74.0462344106422,40.1111874390836],[-74.0460959321504,40.111376063457],[-74.0460645087624,40.1114181393356]]}},{"type":"Feature","id":9075,"properties":{"OBJECTID":9075,"PRIMENAME":"Unnamed Segment","ELEVTYP_F":0,"ELEVTYP_T":0},"geometry":{"type":"LineString","coordinates":[[-74.0339994202129,40.1194691377855],[-74.0332974211892,40.1192691382225],[-74.0330534212258,40.1192611392798]]}},{"type":"Feature","id":9545,"properties":{"OBJECTID":9545,"PRIMENAME":"Osborn Avenue","ELEVTYP_F":0,"ELEVTYP_T":0},"geometry":{"type":"LineString","coordinates":[[-74.0518274119214,40.1272662924791],[-74.0522546463213,40.1268131050888],[-74.052804770188,40.126243303321],[-74.0531485700846,40.1258919416135],[-74.0532166885728,40.125822309401]]}},{"type":"Feature","id":9837,"properties":{"OBJECTID":9837,"PRIMENAME":"East Main Street","ELEVTYP_F":0,"ELEVTYP_T":0},"geometry":{"type":"LineString","coordinates":[[-74.0394206682177,40.1159412811909],[-74.0395070200738,40.1160053977034],[-74.0399273299214,40.1162787432172],[-74.0400965687357,40.1163904628741]]}},{"type":"Feature","id":10648,"properties":{"OBJECTID":10648,"PRIMENAME":"Central Avenue","ELEVTYP_F":0,"ELEVTYP_T":0},"geometry":{"type":"LineString","coordinates":[[-74.0558017175889,40.1250311758396],[-74.055640767309,40.12515508455],[-74.0553473711618,40.1253970274758],[-74.0550479106262,40.1256198662157],[-74.0550447110541,40.1256223794461]]}},{"type":"Feature","id":11010,"properties":{"OBJECTID":11010,"PRIMENAME":"Haris Avenue","ELEVTYP_F":0,"ELEVTYP_T":0},"geometry":{"type":"LineString","coordinates":[[-74.0614237872898,40.1158703733366],[-74.0613563011156,40.1158387945542],[-74.0607497485128,40.1155552939004]]}},{"type":"Feature","id":12088,"properties":{"OBJECTID":12088,"PRIMENAME":"FR RAMP Y101490 to RIVERVIEW DR","ELEVTYP_F":0,"ELEVTYP_T":0},"geometry":{"type":"LineString","coordinates":[[-74.0575066826779,40.108453150491],[-74.057485058353,40.1084357449316],[-74.0574383570249,40.1083981203671],[-74.0574114451871,40.1083688901651],[-74.0573845343068,40.1083340864991],[-74.0573721557262,40.1082965930645],[-74.0573669562909,40.1082604997139],[-74.0573761990174,40.1082300070944],[-74.0573890981749,40.1081926111579],[-74.0574092100407,40.10815106899],[-74.057425908288,40.1081012229355]]}},{"type":"Feature","id":12253,"properties":{"OBJECTID":12253,"PRIMENAME":"Unnamed Segment","ELEVTYP_F":0,"ELEVTYP_T":0},"geometry":{"type":"LineString","coordinates":[[-74.0399844246302,40.1250291388068],[-74.0408884242122,40.1256161406462],[-74.0426790947124,40.1267769253344],[-74.0426794241517,40.1267771400977],[-74.0431266639949,40.1270645649044]]}},{"type":"Feature","id":12284,"properties":{"OBJECTID":12284,"PRIMENAME":"Sea Girt Avenue","ELEVTYP_F":0,"ELEVTYP_T":0},"geometry":{"type":"LineString","coordinates":[[-74.0408063737533,40.1289004283596],[-74.041338020003,40.1292342862818],[-74.0422036453351,40.1297858096945],[-74.042306102349,40.1298510855978]]}},{"type":"Feature","id":13045,"properties":{"OBJECTID":13045,"PRIMENAME":"Morven Terrace","ELEVTYP_F":0,"ELEVTYP_T":0},"geometry":{"type":"LineString","coordinates":[[-74.030546957646,40.1270426346968],[-74.0305812155804,40.1269129758207],[-74.0310274612541,40.1252228040324],[-74.0310533471845,40.1251247098191]]}},{"type":"Feature","id":13278,"properties":{"OBJECTID":13278,"PRIMENAME":"Willow Way","ELEVTYP_F":0,"ELEVTYP_T":0},"geometry":{"type":"LineString","coordinates":[[-74.0499750202935,40.1298844349165],[-74.0486732808592,40.1294587077727],[-74.0486050354783,40.1294488882235],[-74.0485305080833,40.1294534019669],[-74.0484868349326,40.1294865867784],[-74.0484367454263,40.129543575982],[-74.048216700078,40.1299573670848],[-74.0482101294489,40.1300097766354]]}},{"type":"Feature","id":14186,"properties":{"OBJECTID":14186,"PRIMENAME":"Drawbridge Lane","ELEVTYP_F":0,"ELEVTYP_T":0},"geometry":{"type":"LineString","coordinates":[[-74.0427999007489,40.1114867630328],[-74.0428136103896,40.1113222497715],[-74.0428191527017,40.1112760582551],[-74.0429116476529,40.111141797503],[-74.0432428416335,40.1109240837947]]}},{"type":"Feature","id":15209,"properties":{"OBJECTID":15209,"PRIMENAME":"Stockton Lake Boulevard","ELEVTYP_F":0,"ELEVTYP_T":0},"geometry":{"type":"LineString","coordinates":[[-74.0441879507156,40.1245319224433],[-74.0451626106312,40.1251697525106],[-74.0452667329128,40.1252382415232],[-74.0455321328126,40.1254128166213]]}},{"type":"Feature","id":17338,"properties":{"OBJECTID":17338,"PRIMENAME":"East Virginia Avenue","ELEVTYP_F":0,"ELEVTYP_T":0},"geometry":{"type":"LineString","coordinates":[[-74.0449695949602,40.1156116513405],[-74.0454340267214,40.1159099398715]]}},{"type":"Feature","id":17548,"properties":{"OBJECTID":17548,"PRIMENAME":"1st Avenue","ELEVTYP_F":0,"ELEVTYP_T":0},"geometry":{"type":"LineString","coordinates":[[-74.0336786616095,40.1138168870896],[-74.0336786359046,40.1138170437057],[-74.0335503212225,40.1145618015428],[-74.0334274446098,40.1152809871217],[-74.0334226798105,40.1153143933235]]}},{"type":"Feature","id":17792,"properties":{"OBJECTID":17792,"PRIMENAME":"2nd Avenue","ELEVTYP_F":0,"ELEVTYP_T":0},"geometry":{"type":"LineString","coordinates":[[-74.0329794234016,40.1292853531672],[-74.0329457828198,40.1294297026629],[-74.032898510433,40.1296845219977]]}},{"type":"Feature","id":20066,"properties":{"OBJECTID":20066,"PRIMENAME":"FR NJ 71 SB to NJ 35 SB","ELEVTYP_F":0,"ELEVTYP_T":0},"geometry":{"type":"LineString","coordinates":[[-74.0582070620031,40.1087068270932],[-74.058038740322,40.1086340658979],[-74.057812991689,40.1085567745348],[-74.0576594637611,40.1085075421113],[-74.0575066826779,40.108453150491]]}},{"type":"Feature","id":21089,"properties":{"OBJECTID":21089,"PRIMENAME":"McGreevey Drive","ELEVTYP_F":0,"ELEVTYP_T":0},"geometry":{"type":"LineString","coordinates":[[-74.0516402475656,40.1325699434458],[-74.0517021478334,40.132468386789],[-74.0520195197566,40.1319479544828]]}},{"type":"Feature","id":22045,"properties":{"OBJECTID":22045,"PRIMENAME":"Acpoan Place","ELEVTYP_F":0,"ELEVTYP_T":0},"geometry":{"type":"LineString","coordinates":[[-74.0571960078742,40.1191082876621],[-74.0572518531216,40.1191468289949],[-74.0573580293216,40.1192118591279],[-74.0574597660212,40.1192722327615],[-74.0575021602389,40.1192967457155],[-74.0575440870623,40.1193216964035],[-74.0575855109464,40.1193471387315],[-74.0576264697832,40.1193730188036],[-74.0576669528392,40.1193993635998],[-74.0576860942301,40.1194144790762],[-74.0576927300761,40.11942241245],[-74.0576986483446,40.1194306430118],[-74.0577038855613,40.1194391465825],[-74.0577083701742,40.1194479210878],[-74.0577121027141,40.119456884567],[-74.0577150821768,40.1194660108967],[-74.0577172758997,40.1194752711301],[-74.0577186805325,40.1194846391346],[-74.0577192989813,40.1194940284553],[-74.0577190960156,40.1195034443618],[-74.05771880984,40.119506147131],[-74.0577181048573,40.1195128293371],[-74.0577159394608,40.1195214685628],[-74.0577129875695,40.1195299958018],[-74.057709321272,40.1195383302676],[-74.0577049065985,40.1195464637242],[-74.0576997778627,40.1195543512681],[-74.0576939704697,40.1195619606098],[-74.0576875187858,40.1195692387399],[-74.0576804335563,40.1195761568773],[-74.0576350659777,40.1196184807131],[-74.0576005745835,40.1196491236365],[-74.0575667945936,40.1196802367237],[-74.0575337273684,40.1197117911583],[-74.0575013731065,40.1197437563184],[-74.0574697655797,40.1197761710632],[-74.057451097558,40.1197984187523],[-74.0574331430266,40.1198209988161],[-74.0574160084124,40.1198439630008],[-74.0573996226193,40.1198672389801],[-74.0573840220863,40.1198908160854],[-74.0573747350087,40.1199058247648],[-74.0573629103546,40.119926067544],[-74.0573517264594,40.1199466424221],[-74.0573412933234,40.1199674120149],[-74.0573316095985,40.1199884033379],[-74.0573244352611,40.1200028985906],[-74.0573181170922,40.1200176168828],[-74.0573126566221,40.1200325032788],[-74.0573080126144,40.1200475846416],[-74.0573042734148,40.1200628063671],[-74.0573013828864,40.1200781412202],[-74.0572998788823,40.1200895291594],[-74.0572991957565,40.1201009742775],[-74.0572993010108,40.1201124224091],[-74.0573002640385,40.1201238467989],[-74.0573020134395,40.1201352219546],[-74.0573045869897,40.1201465119932],[-74.0573079826411,40.1201576709718],[-74.0573121677434,40.1201686681421],[-74.0573171037628,40.1201794754355],[-74.0573228284112,40.1201900668761],[-74.0573293045089,40.1202003864792],[-74.0573364992012,40.1202104350196],[-74.057346587726,40.1202207405074],[-74.0573572512571,40.1202306644994],[-74.0573684896253,40.1202402331147],[-74.0573803018268,40.1202494202293],[-74.0573926178324,40.120258169733],[-74.0574054376364,40.1202664825261],[-74.0574187250566,40.1202743296483],[-74.0574324810794,40.1202817399252],[-74.0574466321558,40.120288657233],[-74.0574611806319,40.1202950815805],[-74.0574691991336,40.120299311221],[-74.0574767129306,40.1203041180742],[-74.0574835806216,40.1203094160345],[-74.0574898010394,40.120315204197],[-74.0574952997948,40.1203213750958],[-74.0575000170666,40.1203279267011],[-74.0575039414731,40.1203348049283],[-74.0575070068548,40.1203418996408],[-74.0575087850736,40.1203490164561],[-74.0575097391769,40.120356212986],[-74.0575098353228,40.1203634611798],[-74.0575090728752,40.1203706781719],[-74.0575074897261,40.1203778100659],[-74.0575050485142,40.1203848287977],[-74.0575018215161,40.1203916247596],[-74.05749781008,40.1203981709361],[-74.0574930485902,40.120404411616],[-74.0574876113079,40.1204102930416],[-74.0574814608661,40.1204157880495],[-74.057448912129,40.1204500068664],[-74.0573973925237,40.1205093543915],[-74.0573727413472,40.1205385811382],[-74.0573483368721,40.1205686590705],[-74.0573246809061,40.1205990965305],[-74.0573017736309,40.1206298655979],[-74.0572864126834,40.1206495733515],[-74.0572704798166,40.1206690042073],[-74.0572539818942,40.1206881852119],[-74.0572369051823,40.120707063172],[-74.0572192977757,40.1207256391719],[-74.0572146150599,40.1207305804501]]}},{"type":"Feature","id":22880,"properties":{"OBJECTID":22880,"PRIMENAME":"North Potter Avenue","ELEVTYP_F":0,"ELEVTYP_T":0},"geometry":{"type":"LineString","coordinates":[[-74.0384806187194,40.1178382190035],[-74.0383757864669,40.1179316905999],[-74.0382218706322,40.1180707582211]]}},{"type":"Feature","id":24717,"properties":{"OBJECTID":24717,"PRIMENAME":"Beach Front","ELEVTYP_F":0,"ELEVTYP_T":0},"geometry":{"type":"LineString","coordinates":[[-74.0326797009342,40.1152202933619],[-74.0329522009272,40.1137407601459]]}},{"type":"Feature","id":25492,"properties":{"OBJECTID":25492,"PRIMENAME":"Minnesink Road","ELEVTYP_F":0,"ELEVTYP_T":0},"geometry":{"type":"LineString","coordinates":[[-74.059247984231,40.1238840156788],[-74.0591079516641,40.1237718588226],[-74.0583587883572,40.1232183248029]]}},{"type":"Feature","id":25527,"properties":{"OBJECTID":25527,"PRIMENAME":"4th Avenue","ELEVTYP_F":0,"ELEVTYP_T":0},"geometry":{"type":"LineString","coordinates":[[-74.0365036633224,40.1135118513513],[-74.0367075483639,40.1123144329968]]}},{"type":"Feature","id":25974,"properties":{"OBJECTID":25974,"PRIMENAME":"East Virginia Avenue","ELEVTYP_F":0,"ELEVTYP_T":0},"geometry":{"type":"LineString","coordinates":[[-74.0419674582104,40.1136385475629],[-74.0421040152085,40.1137285023695],[-74.0426487898682,40.114087434267]]}},{"type":"Feature","id":26906,"properties":{"OBJECTID":26906,"PRIMENAME":"Riverview Drive","ELEVTYP_F":0,"ELEVTYP_T":0},"geometry":{"type":"LineString","coordinates":[[-74.0613616953187,40.1040452362465],[-74.0612340154989,40.1041474267372]]}},{"type":"Feature","id":28662,"properties":{"OBJECTID":28662,"PRIMENAME":"Lenape Trail","ELEVTYP_F":0,"ELEVTYP_T":0},"geometry":{"type":"LineString","coordinates":[[-74.0604687442979,40.1234673887847],[-74.0604643431229,40.1234789026682],[-74.0603190639821,40.1238644493191],[-74.0602433504917,40.1240595720427],[-74.0602018554684,40.1241225021418]]}},{"type":"Feature","id":29120,"properties":{"OBJECTID":29120,"PRIMENAME":"Beach Front","ELEVTYP_F":0,"ELEVTYP_T":0},"geometry":{"type":"LineString","coordinates":[[-74.0333536709988,40.1113935881457],[-74.0336038743954,40.1100942820495]]}},{"type":"Feature","id":30007,"properties":{"OBJECTID":30007,"PRIMENAME":"3rd Avenue","ELEVTYP_F":0,"ELEVTYP_T":0},"geometry":{"type":"LineString","coordinates":[[-74.0345984364218,40.1322122858637],[-74.0348701230277,40.1311879831751]]}},{"type":"Feature","id":30540,"properties":{"OBJECTID":30540,"PRIMENAME":"3rd Avenue","ELEVTYP_F":0,"ELEVTYP_T":0},"geometry":{"type":"LineString","coordinates":[[-74.0364158307917,40.1086472716421],[-74.0363952142709,40.1087546799458],[-74.0363238245659,40.1091265900159],[-74.0362960744476,40.1092711564415]]}},{"type":"Feature","id":31877,"properties":{"OBJECTID":31877,"PRIMENAME":"Brielle Avenue","ELEVTYP_F":0,"ELEVTYP_T":0},"geometry":{"type":"LineString","coordinates":[[-74.0507868520012,40.1132563801259],[-74.0507501125808,40.1134817923458],[-74.0506918751738,40.1138390313583],[-74.0506146096203,40.1142676849639]]}},{"type":"Feature","id":32716,"properties":{"OBJECTID":32716,"PRIMENAME":"Euclid Avenue","ELEVTYP_F":0,"ELEVTYP_T":0},"geometry":{"type":"LineString","coordinates":[[-74.04807313264,40.1203453614843],[-74.0481287042307,40.1203884591043],[-74.0482067760142,40.120438273525],[-74.0485120054921,40.1206330231515],[-74.0489076579132,40.1208919360327],[-74.049086945598,40.1210022540563],[-74.0492166621656,40.1211028532084],[-74.04936516671,40.1211797228777],[-74.0494373939721,40.1212460827521]]}},{"type":"Feature","id":32972,"properties":{"OBJECTID":32972,"PRIMENAME":"Higgins Avenue","ELEVTYP_F":0,"ELEVTYP_T":0},"geometry":{"type":"LineString","coordinates":[[-74.0548875180435,40.1053042961334],[-74.0548232417351,40.1052496655014],[-74.054705986629,40.1051491491202],[-74.054582818629,40.1049961735636],[-74.054453626195,40.1048240674803]]}},{"type":"Feature","id":33145,"properties":{"OBJECTID":33145,"PRIMENAME":"Beach Front","ELEVTYP_F":0,"ELEVTYP_T":0},"geometry":{"type":"LineString","coordinates":[[-74.0329522009272,40.1137407601459],[-74.0333536709988,40.1113935881457]]}},{"type":"Feature","id":33349,"properties":{"OBJECTID":33349,"PRIMENAME":"Unnamed Segment","ELEVTYP_F":0,"ELEVTYP_T":0},"geometry":{"type":"LineString","coordinates":[[-74.0397534628838,40.1282397492466],[-74.0401054805481,40.1279368133524],[-74.0407863678975,40.1272935058944],[-74.0411916288316,40.1275568945114],[-74.0419901388122,40.1280807413762]]}},{"type":"Feature","id":35153,"properties":{"OBJECTID":35153,"PRIMENAME":"Longstreet Avenue","ELEVTYP_F":0,"ELEVTYP_T":0},"geometry":{"type":"LineString","coordinates":[[-74.0545954492213,40.1101857534771],[-74.054669731362,40.1102321057127],[-74.0552075789329,40.1105678089947],[-74.0553961302039,40.1106860042939]]}},{"type":"Feature","id":36122,"properties":{"OBJECTID":36122,"PRIMENAME":"Boston Boulevard","ELEVTYP_F":0,"ELEVTYP_T":0},"geometry":{"type":"LineString","coordinates":[[-74.0422449894775,40.1323501038157],[-74.0421616803191,40.1323355265591],[-74.041826767391,40.1322770175549]]}},{"type":"Feature","id":36583,"properties":{"OBJECTID":36583,"PRIMENAME":"Brielle Road","ELEVTYP_F":0,"ELEVTYP_T":0},"geometry":{"type":"LineString","coordinates":[[-74.0438101256087,40.1116385006632],[-74.0427999007489,40.1114867630328]]}},{"type":"Feature","id":37971,"properties":{"OBJECTID":37971,"PRIMENAME":"Fisk Avenue","ELEVTYP_F":0,"ELEVTYP_T":0},"geometry":{"type":"LineString","coordinates":[[-74.0477235298526,40.1124024883765],[-74.0469551717221,40.1122087972154],[-74.0467053430117,40.1121458163734],[-74.0465838357406,40.1121161359605]]}},{"type":"Feature","id":39184,"properties":{"OBJECTID":39184,"PRIMENAME":"Riverview Drive","ELEVTYP_F":0,"ELEVTYP_T":0},"geometry":{"type":"LineString","coordinates":[[-74.060105924465,40.1050624967619],[-74.0599285003891,40.1052382353783],[-74.0597095260844,40.105509051945],[-74.0596862648155,40.1055347412422]]}},{"type":"Feature","id":41529,"properties":{"OBJECTID":41529,"PRIMENAME":"Sea Girt Avenue","ELEVTYP_F":0,"ELEVTYP_T":0},"geometry":{"type":"LineString","coordinates":[[-74.0520569163153,40.1326747238997],[-74.0519387757084,40.1326450153342],[-74.0516402475656,40.1325699434458]]}},{"type":"Feature","id":42460,"properties":{"OBJECTID":42460,"PRIMENAME":"South Street","ELEVTYP_F":0,"ELEVTYP_T":0},"geometry":{"type":"LineString","coordinates":[[-74.0614237872898,40.1158703733366],[-74.0618801551298,40.1154642593316],[-74.0621923540774,40.1151794616549],[-74.0622312934208,40.1151460339077]]}},{"type":"Feature","id":42914,"properties":{"OBJECTID":42914,"PRIMENAME":"Riverview Lane","ELEVTYP_F":0,"ELEVTYP_T":0},"geometry":{"type":"LineString","coordinates":[[-74.0578238018814,40.1040378872765],[-74.0576415898463,40.1038761158556]]}},{"type":"Feature","id":47705,"properties":{"OBJECTID":47705,"PRIMENAME":"Homestead Road","ELEVTYP_F":0,"ELEVTYP_T":0},"geometry":{"type":"LineString","coordinates":[[-74.0512187037359,40.1095531587345],[-74.0507794133892,40.1099740127843]]}},{"type":"Feature","id":48104,"properties":{"OBJECTID":48104,"PRIMENAME":"Brown Street","ELEVTYP_F":0,"ELEVTYP_T":0},"geometry":{"type":"LineString","coordinates":[[-74.0587056887917,40.1066421723472],[-74.0586042003145,40.1065793300611],[-74.0579849806015,40.1061959195738],[-74.0575645519232,40.105944683913],[-74.0571556160788,40.1056803406017],[-74.0564568363559,40.1052572512802],[-74.0563688761679,40.105203984519]]}},{"type":"Feature","id":48723,"properties":{"OBJECTID":48723,"PRIMENAME":"Perrine Boulevard","ELEVTYP_F":0,"ELEVTYP_T":0},"geometry":{"type":"LineString","coordinates":[[-74.0471055437742,40.1160769789255],[-74.0468878370022,40.1159444901692],[-74.0467209704301,40.1158294679614],[-74.0465232963603,40.1156904683891],[-74.0463813091944,40.1155659895086],[-74.0462764488721,40.1154559588171],[-74.0461536030684,40.1152600670866],[-74.0461491881277,40.115251840922]]}},{"type":"Feature","id":48887,"properties":{"OBJECTID":48887,"PRIMENAME":"Union Avenue","ELEVTYP_F":0,"ELEVTYP_T":0},"geometry":{"type":"LineString","coordinates":[[-74.0518375679368,40.1184598583398],[-74.0513812091008,40.1189884826267],[-74.0510441572533,40.1193780800437]]}},{"type":"Feature","id":48999,"properties":{"OBJECTID":48999,"PRIMENAME":"Cedarcrest Drive","ELEVTYP_F":0,"ELEVTYP_T":0},"geometry":{"type":"LineString","coordinates":[[-74.0520298311954,40.1100693416291],[-74.0521450724148,40.109964998517],[-74.052998577009,40.1091921436587],[-74.0537435970417,40.1085175033549],[-74.0537938777811,40.1084719871265]]}},{"type":"Feature","id":49049,"properties":{"OBJECTID":49049,"PRIMENAME":"Magnolia Avenue","ELEVTYP_F":0,"ELEVTYP_T":0},"geometry":{"type":"LineString","coordinates":[[-74.049899511907,40.1139832541471],[-74.0488056303859,40.1137077756918]]}},{"type":"Feature","id":49126,"properties":{"OBJECTID":49126,"PRIMENAME":"7th Avenue","ELEVTYP_F":0,"ELEVTYP_T":0},"geometry":{"type":"LineString","coordinates":[[-74.0436472920117,40.1305177990807],[-74.0436243707919,40.1305972977766],[-74.0435889633347,40.1307148759511],[-74.0435381557234,40.1309158238505],[-74.0434364483056,40.1313367975013],[-74.0434077128778,40.1314619793687]]}},{"type":"Feature","id":49181,"properties":{"OBJECTID":49181,"PRIMENAME":"Morgan Parkway","ELEVTYP_F":0,"ELEVTYP_T":0},"geometry":{"type":"LineString","coordinates":[[-74.0583693435829,40.1151256619889],[-74.0584625099271,40.115017550096],[-74.0588637801539,40.1145518564372]]}},{"type":"Feature","id":49207,"properties":{"OBJECTID":49207,"PRIMENAME":"Rankin Road","ELEVTYP_F":0,"ELEVTYP_T":0},"geometry":{"type":"LineString","coordinates":[[-74.0621717854656,40.1069056430599],[-74.0618014640878,40.1065705508732],[-74.0613677939849,40.10618522576]]}},{"type":"Feature","id":49227,"properties":{"OBJECTID":49227,"PRIMENAME":"Church Street","ELEVTYP_F":0,"ELEVTYP_T":0},"geometry":{"type":"LineString","coordinates":[[-74.0632210848682,40.1269765177963],[-74.0627955808219,40.126886019954],[-74.0615121007136,40.1266094927608],[-74.0606669277374,40.12642696492],[-74.0605877236145,40.1264098594347]]}},{"type":"Feature","id":49315,"properties":{"OBJECTID":49315,"PRIMENAME":"1st Avenue","ELEVTYP_F":0,"ELEVTYP_T":0},"geometry":{"type":"LineString","coordinates":[[-74.031530030975,40.1262384009275],[-74.031650675125,40.1257877265889],[-74.0317963873187,40.1252433749655]]}},{"type":"Feature","id":49407,"properties":{"OBJECTID":49407,"PRIMENAME":"Seaside Place","ELEVTYP_F":0,"ELEVTYP_T":0},"geometry":{"type":"LineString","coordinates":[[-74.0310411838645,40.1242272039923],[-74.0307862098196,40.1241875372449]]}},{"type":"Feature","id":50064,"properties":{"OBJECTID":50064,"PRIMENAME":"Ocean Avenue","ELEVTYP_F":0,"ELEVTYP_T":0},"geometry":{"type":"LineString","coordinates":[[-74.0492006524987,40.1081857381067],[-74.0492886895746,40.1082381035877],[-74.049659640994,40.1084588416145],[-74.0500058461162,40.1086698458426],[-74.050141825077,40.1087609418853],[-74.0501726076553,40.1087991938853],[-74.0501908265958,40.1088612256984],[-74.0502086061646,40.1089899670883],[-74.0502079646661,40.1090873578321]]}},{"type":"Feature","id":50491,"properties":{"OBJECTID":50491,"PRIMENAME":"North Main Street","ELEVTYP_F":0,"ELEVTYP_T":0},"geometry":{"type":"LineString","coordinates":[[-74.0522166364906,40.1291120875165],[-74.0524035766226,40.128828699797]]}},{"type":"Feature","id":51188,"properties":{"OBJECTID":51188,"PRIMENAME":"2nd Avenue","ELEVTYP_F":0,"ELEVTYP_T":0},"geometry":{"type":"LineString","coordinates":[[-74.0320201986039,40.1328712799875],[-74.032290174297,40.1318468667393]]}},{"type":"Feature","id":51273,"properties":{"OBJECTID":51273,"PRIMENAME":"Channel Drive","ELEVTYP_F":0,"ELEVTYP_T":0},"geometry":{"type":"LineString","coordinates":[[-74.047677135142,40.1005194344883],[-74.0476884224325,40.1006504019091],[-74.0476845705256,40.1006761105629],[-74.0476732651108,40.1006989628452],[-74.0476544510084,40.1007274673531],[-74.0476319565789,40.1007502759344],[-74.0471901846562,40.1011031332341],[-74.047145347026,40.1011258534701],[-74.047096810518,40.1011456770192],[-74.0470371038524,40.1011626016805],[-74.0469812233546,40.1011738318045],[-74.0469066287331,40.101187815062],[-74.0468320704224,40.1011961438847],[-74.0467426986246,40.1011957941935],[-74.0465743446183,40.101197194252]]}},{"type":"Feature","id":51627,"properties":{"OBJECTID":51627,"PRIMENAME":"Mount Lane","ELEVTYP_F":0,"ELEVTYP_T":0},"geometry":{"type":"LineString","coordinates":[[-74.0501487225536,40.1164595707643],[-74.0501349829485,40.1164689547982],[-74.0500787536086,40.1165259480293],[-74.0499908863423,40.116668581743],[-74.0497457050776,40.1171442409515],[-74.0497331362455,40.1171685430648]]}},{"type":"Feature","id":51805,"properties":{"OBJECTID":51805,"PRIMENAME":"Philadelphia Boulevard","ELEVTYP_F":0,"ELEVTYP_T":0},"geometry":{"type":"LineString","coordinates":[[-74.0345984364218,40.1322122858637],[-74.0362308016248,40.1324691778555],[-74.0367377497603,40.1325481568716]]}},{"type":"Feature","id":51976,"properties":{"OBJECTID":51976,"PRIMENAME":"North Potter Avenue","ELEVTYP_F":0,"ELEVTYP_T":0},"geometry":{"type":"LineString","coordinates":[[-74.0380174411548,40.1182554979253],[-74.0376824781046,40.1185580926163],[-74.0375887484677,40.1186435097305]]}},{"type":"Feature","id":52378,"properties":{"OBJECTID":52378,"PRIMENAME":"Mount Lane","ELEVTYP_F":0,"ELEVTYP_T":0},"geometry":{"type":"LineString","coordinates":[[-74.0485985101734,40.1192970313855],[-74.0485013230476,40.1194366904258],[-74.0480736691863,40.1202643216009],[-74.0480610091052,40.1203024045671],[-74.04807313264,40.1203453614843]]}},{"type":"Feature","id":52517,"properties":{"OBJECTID":52517,"PRIMENAME":"4th Avenue","ELEVTYP_F":0,"ELEVTYP_T":0},"geometry":{"type":"LineString","coordinates":[[-74.0375821276422,40.1293748436166],[-74.0373701953333,40.1301860276634],[-74.0373185709414,40.1303782941642]]}},{"type":"Feature","id":52811,"properties":{"OBJECTID":52811,"PRIMENAME":"South Potter Avenue","ELEVTYP_F":0,"ELEVTYP_T":0},"geometry":{"type":"LineString","coordinates":[[-74.0420527040455,40.1146242555888],[-74.0416085410454,40.1150242149729],[-74.041476468316,40.1151431440241]]}},{"type":"Feature","id":53066,"properties":{"OBJECTID":53066,"PRIMENAME":"2nd Avenue","ELEVTYP_F":0,"ELEVTYP_T":0},"geometry":{"type":"LineString","coordinates":[[-74.0334188166676,40.1276024208818],[-74.0332035345632,40.1284106180262],[-74.0331461402613,40.1286343753192],[-74.0331368023684,40.1286767797527]]}},{"type":"Feature","id":53597,"properties":{"OBJECTID":53597,"PRIMENAME":"3rd Avenue","ELEVTYP_F":0,"ELEVTYP_T":0},"geometry":{"type":"LineString","coordinates":[[-74.035136251418,40.1301908634282],[-74.0351764740485,40.1300404727138]]}},{"type":"Feature","id":53649,"properties":{"OBJECTID":53649,"PRIMENAME":"Manasquan Turnpike","ELEVTYP_F":0,"ELEVTYP_T":0},"geometry":{"type":"LineString","coordinates":[[-74.0460343497877,40.13187924028],[-74.045781603135,40.1325009096801],[-74.0456187278117,40.1328765947823]]}},{"type":"Feature","id":53883,"properties":{"OBJECTID":53883,"PRIMENAME":"Camden Avenue","ELEVTYP_F":0,"ELEVTYP_T":0},"geometry":{"type":"LineString","coordinates":[[-74.0582139025042,40.1321786135437],[-74.0584365530892,40.1317987953961],[-74.058506807273,40.1316811806887]]}},{"type":"Feature","id":53895,"properties":{"OBJECTID":53895,"PRIMENAME":"Trout Avenue","ELEVTYP_F":0,"ELEVTYP_T":0},"geometry":{"type":"LineString","coordinates":[[-74.0353445827885,40.1072545420169],[-74.035468520283,40.1072677775866],[-74.0365353280201,40.1073816434082],[-74.0366421876563,40.107393079163]]}},{"type":"Feature","id":54035,"properties":{"OBJECTID":54035,"PRIMENAME":"Wyckoff Avenue","ELEVTYP_F":0,"ELEVTYP_T":0},"geometry":{"type":"LineString","coordinates":[[-74.0431497749884,40.1238169375382],[-74.0432538266572,40.1237228542803],[-74.0440096346713,40.1230395089264]]}},{"type":"Feature","id":54315,"properties":{"OBJECTID":54315,"PRIMENAME":"1st Avenue","ELEVTYP_F":0,"ELEVTYP_T":0},"geometry":{"type":"LineString","coordinates":[[-74.0334137735537,40.1153768525147],[-74.0333948444753,40.1155096212859],[-74.0329931181475,40.1170665362968],[-74.0329481031354,40.1172331592588]]}},{"type":"Feature","id":54670,"properties":{"OBJECTID":54670,"PRIMENAME":"Lake Avenue","ELEVTYP_F":0,"ELEVTYP_T":0},"geometry":{"type":"LineString","coordinates":[[-74.0380174411548,40.1182554979253],[-74.0381062761989,40.1183119380038],[-74.0392313199248,40.1190265738416],[-74.0392848927946,40.1190681032599]]}},{"type":"Feature","id":54717,"properties":{"OBJECTID":54717,"PRIMENAME":"Cedar Avenue","ELEVTYP_F":0,"ELEVTYP_T":0},"geometry":{"type":"LineString","coordinates":[[-74.041476468316,40.1151431440241],[-74.0410432876799,40.1148605507564],[-74.0399965532197,40.1141776825309],[-74.0399273160398,40.1141319183056]]}},{"type":"Feature","id":54857,"properties":{"OBJECTID":54857,"PRIMENAME":"Church Street","ELEVTYP_F":0,"ELEVTYP_T":0},"geometry":{"type":"LineString","coordinates":[[-74.0603219885633,40.1263524679452],[-74.0603216676092,40.1263523847643],[-74.0596979340904,40.1262160840006],[-74.0592117938116,40.1261098461457],[-74.0591251130352,40.1260809104166],[-74.0590446145642,40.126047248845],[-74.0589992109994,40.1260203381997],[-74.0589394459665,40.1259849145016],[-74.0587152374497,40.1258429796647]]}},{"type":"Feature","id":54985,"properties":{"OBJECTID":54985,"PRIMENAME":"Seaside Place","ELEVTYP_F":0,"ELEVTYP_T":0},"geometry":{"type":"LineString","coordinates":[[-74.0341230282353,40.1247065261115],[-74.0339837420839,40.1246848653643],[-74.0338066200194,40.1246573201879],[-74.0320267482299,40.1243805269906]]}},{"type":"Feature","id":55021,"properties":{"OBJECTID":55021,"PRIMENAME":"Trenton Avenue","ELEVTYP_F":0,"ELEVTYP_T":0},"geometry":{"type":"LineString","coordinates":[[-74.0552899413531,40.1286727404189],[-74.055222152895,40.1287738909666],[-74.0544383620532,40.1299433389087],[-74.0543946605774,40.1300085632135]]}},{"type":"Feature","id":55033,"properties":{"OBJECTID":55033,"PRIMENAME":"Euclid Avenue","ELEVTYP_F":0,"ELEVTYP_T":0},"geometry":{"type":"LineString","coordinates":[[-74.0459987060011,40.1189910910296],[-74.047315130904,40.1198496472707],[-74.0473937478169,40.1199009342934]]}},{"type":"Feature","id":55281,"properties":{"OBJECTID":55281,"PRIMENAME":"Higgins Avenue","ELEVTYP_F":0,"ELEVTYP_T":0},"geometry":{"type":"LineString","coordinates":[[-74.0563402928409,40.106290878776],[-74.0570974740134,40.106778817403],[-74.0573509046139,40.1069418408557],[-74.0579937254441,40.1073637240072],[-74.0580394431308,40.1073930537602]]}},{"type":"Feature","id":58105,"properties":{"OBJECTID":58105,"PRIMENAME":"Main Street","ELEVTYP_F":0,"ELEVTYP_T":0},"geometry":{"type":"LineString","coordinates":[[-74.0519403107835,40.1241242995289],[-74.0516807960051,40.1239542400527]]}},{"type":"Feature","id":58277,"properties":{"OBJECTID":58277,"PRIMENAME":"Parker Avenue","ELEVTYP_F":0,"ELEVTYP_T":0},"geometry":{"type":"LineString","coordinates":[[-74.047420166898,40.1248583029352],[-74.0472100025576,40.1250509154466],[-74.0462861772073,40.1259087184521]]}},{"type":"Feature","id":58380,"properties":{"OBJECTID":58380,"PRIMENAME":"Hillcrest Path","ELEVTYP_F":0,"ELEVTYP_T":0},"geometry":{"type":"LineString","coordinates":[[-74.0605869444651,40.1256432385288],[-74.0634392298022,40.1262402558837],[-74.0635409460833,40.1262615306757]]}},{"type":"Feature","id":61184,"properties":{"OBJECTID":61184,"PRIMENAME":"Union Lane","ELEVTYP_F":0,"ELEVTYP_T":0},"geometry":{"type":"LineString","coordinates":[[-74.0537938777811,40.1084719871265],[-74.0532907253594,40.1081594163999]]}},{"type":"Feature","id":61210,"properties":{"OBJECTID":61210,"PRIMENAME":"FR RT 35 NB to EVERGREEN AVE","ELEVTYP_F":0,"ELEVTYP_T":0},"geometry":{"type":"LineString","coordinates":[[-74.0554290459876,40.1075909381456],[-74.0553821528027,40.1075830437471],[-74.0553185936723,40.1075596565484],[-74.055255084186,40.1075284731438],[-74.0550613815651,40.1074067162683],[-74.0548643331971,40.1072772038888],[-74.0548142980824,40.1072358050743],[-74.0547743626433,40.1071918636871],[-74.0547511259008,40.1071531483266],[-74.0547213542029,40.1070912646406],[-74.0547083000811,40.1070371037752],[-74.0547052585334,40.1069881711707],[-74.0547123461594,40.1069264012606],[-74.0547295501586,40.1068595092937],[-74.0547466013376,40.10681065393],[-74.054782731313,40.1067198412574]]}},{"type":"Feature","id":61296,"properties":{"OBJECTID":61296,"PRIMENAME":"1st Avenue","ELEVTYP_F":0,"ELEVTYP_T":0},"geometry":{"type":"LineString","coordinates":[[-74.0334226798105,40.1153143933235],[-74.0334137735537,40.1153768525147]]}},{"type":"Feature","id":61788,"properties":{"OBJECTID":61788,"PRIMENAME":"4th Avenue","ELEVTYP_F":0,"ELEVTYP_T":0},"geometry":{"type":"LineString","coordinates":[[-74.0370096934721,40.131528819277],[-74.0367377497603,40.1325481568716]]}},{"type":"Feature","id":61942,"properties":{"OBJECTID":61942,"PRIMENAME":"East Main Street","ELEVTYP_F":0,"ELEVTYP_T":0},"geometry":{"type":"LineString","coordinates":[[-74.0383233318985,40.1151288058131],[-74.0384238398951,40.1152045921264],[-74.0386978032803,40.1154111690999],[-74.0387704943359,40.1154644433237]]}},{"type":"Feature","id":61944,"properties":{"OBJECTID":61944,"PRIMENAME":"Fisk Street","ELEVTYP_F":0,"ELEVTYP_T":0},"geometry":{"type":"LineString","coordinates":[[-74.0583587883572,40.1232183248029],[-74.0582853836788,40.1232825592223],[-74.0568867503087,40.124506889952],[-74.0568167234982,40.1245681721878]]}},{"type":"Feature","id":61963,"properties":{"OBJECTID":61963,"PRIMENAME":"Boston Boulevard","ELEVTYP_F":0,"ELEVTYP_T":0},"geometry":{"type":"LineString","coordinates":[[-74.0405602858994,40.1320868021577],[-74.0393331953334,40.1318906085599],[-74.0387892691792,40.1318060300868]]}},{"type":"Feature","id":62286,"properties":{"OBJECTID":62286,"PRIMENAME":"Sea Girt Avenue","ELEVTYP_F":0,"ELEVTYP_T":0},"geometry":{"type":"LineString","coordinates":[[-74.0487340163705,40.1318369996117],[-74.0478845151718,40.1316232781971]]}},{"type":"Feature","id":62661,"properties":{"OBJECTID":62661,"PRIMENAME":"Cedar Avenue","ELEVTYP_F":0,"ELEVTYP_T":0},"geometry":{"type":"LineString","coordinates":[[-74.0442488882871,40.1169696630546],[-74.0427514079191,40.1159831448793],[-74.0427228914711,40.1159643592483]]}},{"type":"Feature","id":63133,"properties":{"OBJECTID":63133,"PRIMENAME":"South Street","ELEVTYP_F":0,"ELEVTYP_T":0},"geometry":{"type":"LineString","coordinates":[[-74.0562356320011,40.1200242356757],[-74.0561052432452,40.1201521883483],[-74.055594148791,40.120643586682],[-74.0555264962825,40.1207087745647]]}},{"type":"Feature","id":63178,"properties":{"OBJECTID":63178,"PRIMENAME":"Elizabeth Avenue","ELEVTYP_F":0,"ELEVTYP_T":0},"geometry":{"type":"LineString","coordinates":[[-74.0524035766226,40.128828699797],[-74.0523225118514,40.1287722728625],[-74.0511667596499,40.1279670792857],[-74.0511891543725,40.1279433231304],[-74.0512688998966,40.1278587335345]]}},{"type":"Feature","id":63214,"properties":{"OBJECTID":63214,"PRIMENAME":"Glimmer Glass Circle","ELEVTYP_F":0,"ELEVTYP_T":0},"geometry":{"type":"LineString","coordinates":[[-74.0414234241749,40.1126181369101],[-74.0414924249512,40.1127631370775]]}},{"type":"Feature","id":63266,"properties":{"OBJECTID":63266,"PRIMENAME":"Sea Girt Avenue","ELEVTYP_F":0,"ELEVTYP_T":0},"geometry":{"type":"LineString","coordinates":[[-74.0449079322493,40.1308513468143],[-74.044710995283,40.1307995957844]]}},{"type":"Feature","id":63487,"properties":{"OBJECTID":63487,"PRIMENAME":"Pine Avenue","ELEVTYP_F":0,"ELEVTYP_T":0},"geometry":{"type":"LineString","coordinates":[[-74.0448438247105,40.1164394696021],[-74.0446937620406,40.11634100931],[-74.0439025241597,40.1158422326488],[-74.0433895048472,40.1155065750795],[-74.0432954500098,40.1154444891471]]}},{"type":"Feature","id":63874,"properties":{"OBJECTID":63874,"PRIMENAME":"Ashley Avenue","ELEVTYP_F":0,"ELEVTYP_T":0},"geometry":{"type":"LineString","coordinates":[[-74.0560513576393,40.1054964880536],[-74.056019382269,40.1055259603318],[-74.0556684559019,40.1058588279085]]}},{"type":"Feature","id":64125,"properties":{"OBJECTID":64125,"PRIMENAME":"Hillcrest Path","ELEVTYP_F":0,"ELEVTYP_T":0},"geometry":{"type":"LineString","coordinates":[[-74.0601095942835,40.1255365559204],[-74.0605679817483,40.1256390000059],[-74.0605869444651,40.1256432385288]]}},{"type":"Feature","id":64174,"properties":{"OBJECTID":64174,"PRIMENAME":"The Crescent","ELEVTYP_F":0,"ELEVTYP_T":0},"geometry":{"type":"LineString","coordinates":[[-74.0321751254351,40.1307658003697],[-74.0320354995975,40.1308749387322],[-74.0317923327565,40.1310312334189],[-74.0315555420081,40.1311494490204],[-74.0313189168846,40.1312485576828],[-74.0310887073107,40.1313143638072],[-74.0308771633246,40.1313754678549],[-74.0307216824393,40.1314129701989],[-74.0305970170916,40.1314839522896],[-74.0305944498808,40.1314866511428],[-74.0305191284251,40.1315658303207]]}},{"type":"Feature","id":64419,"properties":{"OBJECTID":64419,"PRIMENAME":"Lenape Trail","ELEVTYP_F":0,"ELEVTYP_T":0},"geometry":{"type":"LineString","coordinates":[[-74.0610036610567,40.1220531602176],[-74.060975410655,40.1221275462156]]}},{"type":"Feature","id":64594,"properties":{"OBJECTID":64594,"PRIMENAME":"Perry Place","ELEVTYP_F":0,"ELEVTYP_T":0},"geometry":{"type":"LineString","coordinates":[[-74.0503846289391,40.1130885920738],[-74.0503538417216,40.1133277249375],[-74.0502814053303,40.1139565848365],[-74.0502685895501,40.1140184960759]]}},{"type":"Feature","id":64934,"properties":{"OBJECTID":64934,"PRIMENAME":"Brielle Road","ELEVTYP_F":0,"ELEVTYP_T":0},"geometry":{"type":"LineString","coordinates":[[-74.0360882878768,40.1104635701647],[-74.0356590267821,40.1103993395846],[-74.0351934331273,40.1103253800968]]}},{"type":"Feature","id":64939,"properties":{"OBJECTID":64939,"PRIMENAME":"Timber Lane","ELEVTYP_F":0,"ELEVTYP_T":0},"geometry":{"type":"LineString","coordinates":[[-74.0352315001231,40.1078791938919],[-74.0352863326815,40.1075816031364],[-74.0353445827885,40.1072545420169]]}},{"type":"Feature","id":64960,"properties":{"OBJECTID":64960,"PRIMENAME":"Rogers Avenue","ELEVTYP_F":0,"ELEVTYP_T":0},"geometry":{"type":"LineString","coordinates":[[-74.0390317933294,40.1173465899985],[-74.0389574402608,40.1172953692071],[-74.0383648993086,40.1168871432186]]}},{"type":"Feature","id":65349,"properties":{"OBJECTID":65349,"PRIMENAME":"McGreevey Drive","ELEVTYP_F":0,"ELEVTYP_T":0},"geometry":{"type":"LineString","coordinates":[[-74.0520195197566,40.1319479544828],[-74.0523487089379,40.1314080202672],[-74.0524603197753,40.1312246821832]]}},{"type":"Feature","id":65631,"properties":{"OBJECTID":65631,"PRIMENAME":"5th Avenue","ELEVTYP_F":0,"ELEVTYP_T":0},"geometry":{"type":"LineString","coordinates":[[-74.0387892691792,40.1318060300868],[-74.0390605200455,40.1308048857689]]}},{"type":"Feature","id":65723,"properties":{"OBJECTID":65723,"PRIMENAME":"Timber Lane","ELEVTYP_F":0,"ELEVTYP_T":0},"geometry":{"type":"LineString","coordinates":[[-74.0351164111849,40.1085041122432],[-74.0352315001231,40.1078791938919]]}},{"type":"Feature","id":65897,"properties":{"OBJECTID":65897,"PRIMENAME":"South Jackson Avenue","ELEVTYP_F":0,"ELEVTYP_T":0},"geometry":{"type":"LineString","coordinates":[[-74.0444810741402,40.114379809142],[-74.0450517547584,40.1138639866889],[-74.0451242751434,40.1137984663989]]}},{"type":"Feature","id":65935,"properties":{"OBJECTID":65935,"PRIMENAME":"Atlantic Avenue","ELEVTYP_F":0,"ELEVTYP_T":0},"geometry":{"type":"LineString","coordinates":[[-74.0518274119214,40.1272662924791],[-74.0515796657307,40.1271649934971],[-74.0508318834564,40.1268725495791],[-74.0501676156533,40.1266233339064],[-74.0495730550862,40.1263957984547],[-74.0493734027569,40.1263128008829],[-74.0492168094866,40.1262406211844]]}},{"type":"Feature","id":65967,"properties":{"OBJECTID":65967,"PRIMENAME":"Captain Bailey Court","ELEVTYP_F":0,"ELEVTYP_T":0},"geometry":{"type":"LineString","coordinates":[[-74.058304135565,40.1184673497485],[-74.0583839731779,40.1185299177966],[-74.0588111810715,40.1188649866204],[-74.0589213148289,40.1189513649741]]}},{"type":"Feature","id":66124,"properties":{"OBJECTID":66124,"PRIMENAME":"1st Avenue","ELEVTYP_F":0,"ELEVTYP_T":0},"geometry":{"type":"LineString","coordinates":[[-74.0346224626873,40.1083778570813],[-74.0347776546329,40.1075319029734],[-74.0349842152424,40.1063745706188],[-74.0350509023267,40.1060014191935]]}},{"type":"Feature","id":66367,"properties":{"OBJECTID":66367,"PRIMENAME":"Newark Avenue","ELEVTYP_F":0,"ELEVTYP_T":0},"geometry":{"type":"LineString","coordinates":[[-74.0604530028118,40.1323799306666],[-74.0600756209021,40.1330034640511]]}},{"type":"Feature","id":66496,"properties":{"OBJECTID":66496,"PRIMENAME":"Lakewood Road","ELEVTYP_F":0,"ELEVTYP_T":0},"geometry":{"type":"LineString","coordinates":[[-74.0555264962825,40.1207087745647],[-74.056318377614,40.121201764631],[-74.0569841300929,40.1216087772946]]}},{"type":"Feature","id":66521,"properties":{"OBJECTID":66521,"PRIMENAME":"5th Avenue","ELEVTYP_F":0,"ELEVTYP_T":0},"geometry":{"type":"LineString","coordinates":[[-74.0390605200455,40.1308048857689],[-74.0391000235114,40.13065915818]]}},{"type":"Feature","id":66915,"properties":{"OBJECTID":66915,"PRIMENAME":"1st Avenue","ELEVTYP_F":0,"ELEVTYP_T":0},"geometry":{"type":"LineString","coordinates":[[-74.0305191284251,40.1315658303207],[-74.03054942038,40.1313401416144],[-74.030588421797,40.1312071407095],[-74.0306204200773,40.1310661403461],[-74.0306574213448,40.1307931406045],[-74.030654423638,40.1307081407591],[-74.0306464220944,40.1306491414108],[-74.0306274230914,40.1305801404209],[-74.0305824210548,40.1305141413919],[-74.0305444205287,40.130476141488],[-74.0304684221237,40.1303791421908],[-74.0304034222631,40.130283142167],[-74.0303634213677,40.130193140268],[-74.0303614208075,40.1301191409097],[-74.0303564225963,40.1299951404931],[-74.0303664211201,40.1299141410334],[-74.0303864211382,40.1298381403981],[-74.0304324208272,40.1297251414733],[-74.0304774220884,40.1295401404423],[-74.0305194218763,40.129408140626],[-74.0305464197279,40.1293551402899],[-74.03058842099,40.1292921410127],[-74.0306514215411,40.1292191400571],[-74.0307244200593,40.1291451401891],[-74.0308734237246,40.1290241406119],[-74.0309004210963,40.1289991397774],[-74.0309264235864,40.1289751409719],[-74.0310094214682,40.1288761405799],[-74.0312194231622,40.1286011416602],[-74.0312234226451,40.1285431411301],[-74.0312174213875,40.128470140642],[-74.0312024225271,40.1284021403612],[-74.0311634202937,40.1282921403402],[-74.0311534218932,40.1282491407924],[-74.0311424212199,40.1281631411864],[-74.0311414220568,40.1280831410016],[-74.0311624214112,40.1279511396571],[-74.0312784216476,40.1275651405566],[-74.031286421042,40.1274941404022],[-74.0312874217238,40.1273221397152],[-74.0312726581619,40.1271997498083]]}},{"type":"Feature","id":67225,"properties":{"OBJECTID":67225,"PRIMENAME":"Wildwood Avenue","ELEVTYP_F":0,"ELEVTYP_T":0},"geometry":{"type":"LineString","coordinates":[[-74.0600756209021,40.1330034640511],[-74.0582271929068,40.132343678731],[-74.0581875809877,40.1323301857708],[-74.0581726191584,40.1323152493748],[-74.0581619357462,40.1322970345947],[-74.0581655021558,40.1322828425987],[-74.0581685807357,40.1322705951215],[-74.0581861092865,40.1322260231489],[-74.0582139025042,40.1321786135437]]}},{"type":"Feature","id":67971,"properties":{"OBJECTID":67971,"PRIMENAME":"Green Avenue","ELEVTYP_F":0,"ELEVTYP_T":0},"geometry":{"type":"LineString","coordinates":[[-74.0492006524987,40.1081857381067],[-74.0490584176138,40.1083277481006],[-74.0484327427961,40.1089370733255]]}},{"type":"Feature","id":68001,"properties":{"OBJECTID":68001,"PRIMENAME":"South Street","ELEVTYP_F":0,"ELEVTYP_T":0},"geometry":{"type":"LineString","coordinates":[[-74.0537020766699,40.1224671770067],[-74.0532365376831,40.1229195639762],[-74.0531882499488,40.1229664871874],[-74.0528174944326,40.1233134893929],[-74.0527849271856,40.1233444129951]]}},{"type":"Feature","id":68157,"properties":{"OBJECTID":68157,"PRIMENAME":"4th Avenue","ELEVTYP_F":0,"ELEVTYP_T":0},"geometry":{"type":"LineString","coordinates":[[-74.0367377497603,40.1325481568716],[-74.0366439434169,40.1328998104805],[-74.0364639069569,40.1335666898292]]}},{"type":"Feature","id":68163,"properties":{"OBJECTID":68163,"PRIMENAME":"Channel Drive","ELEVTYP_F":0,"ELEVTYP_T":0},"geometry":{"type":"LineString","coordinates":[[-74.0444581364235,40.1014656177168],[-74.0424459336777,40.1014850575238]]}},{"type":"Feature","id":68656,"properties":{"OBJECTID":68656,"PRIMENAME":"Timber Lane","ELEVTYP_F":0,"ELEVTYP_T":0},"geometry":{"type":"LineString","coordinates":[[-74.0356835616688,40.1053711954488],[-74.0357511664586,40.1050019219895],[-74.0357636893072,40.10493353065],[-74.0358044631461,40.1047140656264]]}},{"type":"Feature","id":68657,"properties":{"OBJECTID":68657,"PRIMENAME":"Gull Lane","ELEVTYP_F":0,"ELEVTYP_T":0},"geometry":{"type":"LineString","coordinates":[[-74.0560513576393,40.1054964880536],[-74.0561241826419,40.1055406370216],[-74.0584372096721,40.1069427484115]]}},{"type":"Feature","id":68902,"properties":{"OBJECTID":68902,"PRIMENAME":"North Broad Street","ELEVTYP_F":0,"ELEVTYP_T":0},"geometry":{"type":"LineString","coordinates":[[-74.0475294883854,40.1290444544685],[-74.0474895280936,40.1291163072182],[-74.0470663864317,40.1298943437762],[-74.0465887983084,40.1307480455178],[-74.0463750278736,40.1311301498684],[-74.046339890852,40.1311971339683],[-74.046325836019,40.1312239283255]]}},{"type":"Feature","id":69591,"properties":{"OBJECTID":69591,"PRIMENAME":"East Main Street","ELEVTYP_F":0,"ELEVTYP_T":0},"geometry":{"type":"LineString","coordinates":[[-74.0350341900634,40.1126519620357],[-74.0352515075244,40.1128141464824],[-74.0356364362069,40.1131058414818]]}},{"type":"Feature","id":69605,"properties":{"OBJECTID":69605,"PRIMENAME":"Atlantic Avenue","ELEVTYP_F":0,"ELEVTYP_T":0},"geometry":{"type":"LineString","coordinates":[[-74.0629367428645,40.1316036832402],[-74.0627417011282,40.131532941233],[-74.0620354734086,40.1312764703098],[-74.0612859637005,40.1310107720297]]}},{"type":"Feature","id":69852,"properties":{"OBJECTID":69852,"PRIMENAME":"Robert Street","ELEVTYP_F":0,"ELEVTYP_T":0},"geometry":{"type":"LineString","coordinates":[[-74.0458858330368,40.1246296589908],[-74.0458846602448,40.1246309946127],[-74.04580476247,40.1247445559104],[-74.0457398182454,40.1248468100502],[-74.0456896782713,40.1249490961065],[-74.0456394116797,40.1250703780063],[-74.0455839825597,40.1252258188487],[-74.0455384229473,40.1253812704682],[-74.0455321328126,40.1254128166213]]}},{"type":"Feature","id":70002,"properties":{"OBJECTID":70002,"PRIMENAME":"Chicago Avenue","ELEVTYP_F":0,"ELEVTYP_T":0},"geometry":{"type":"LineString","coordinates":[[-74.04443259025,40.1005790298252],[-74.0444390546611,40.1009765484535],[-74.0444581364235,40.1014656177168]]}},{"type":"Feature","id":70341,"properties":{"OBJECTID":70341,"PRIMENAME":"Manito Road","ELEVTYP_F":0,"ELEVTYP_T":0},"geometry":{"type":"LineString","coordinates":[[-74.0612275706285,40.1214638374178],[-74.0605957702757,40.1213228291111],[-74.0600528554975,40.1212016549077],[-74.059683838437,40.1211192916145],[-74.0580534507609,40.1207508668592],[-74.0579217965317,40.1207210992867]]}},{"type":"Feature","id":70516,"properties":{"OBJECTID":70516,"PRIMENAME":"Cherokee Lane","ELEVTYP_F":0,"ELEVTYP_T":0},"geometry":{"type":"LineString","coordinates":[[-74.0602140681033,40.1060256071947],[-74.0606918714797,40.1063889822029],[-74.060926262984,40.1065672364524]]}},{"type":"Feature","id":70957,"properties":{"OBJECTID":70957,"PRIMENAME":"Homestead Road","ELEVTYP_F":0,"ELEVTYP_T":0},"geometry":{"type":"LineString","coordinates":[[-74.0517375637784,40.1080559306601],[-74.0518467711886,40.1081241345788],[-74.052322808676,40.1084214526852],[-74.052341087686,40.1084692364078],[-74.05233658385,40.1084747014914],[-74.0523098044195,40.1085071930013],[-74.0520974483467,40.1087113362687],[-74.0516011934262,40.109186742271],[-74.0512187037359,40.1095531587345]]}},{"type":"Feature","id":71490,"properties":{"OBJECTID":71490,"PRIMENAME":"Euclid Avenue","ELEVTYP_F":0,"ELEVTYP_T":0},"geometry":{"type":"LineString","coordinates":[[-74.0575068858341,40.1080079723913],[-74.0574436184361,40.1079669078549],[-74.0560837214581,40.1070847437304],[-74.0559825391693,40.1070191000866]]}},{"type":"Feature","id":72143,"properties":{"OBJECTID":72143,"PRIMENAME":"Stockton Lake Boulevard","ELEVTYP_F":0,"ELEVTYP_T":0},"geometry":{"type":"LineString","coordinates":[[-74.042406623072,40.1228928468646],[-74.0424518910216,40.1229523512021],[-74.0426732246706,40.123282056877],[-74.0427021855034,40.1233309298706],[-74.0427468467304,40.1234062981779],[-74.0428947757002,40.123568936255],[-74.0430797717236,40.1237555507351],[-74.0431497749884,40.1238169375382]]}},{"type":"Feature","id":72243,"properties":{"OBJECTID":72243,"PRIMENAME":"Seaview Avenue","ELEVTYP_F":0,"ELEVTYP_T":0},"geometry":{"type":"LineString","coordinates":[[-74.0537870620855,40.1109267013872],[-74.0538641361673,40.1109725433917],[-74.0546061378958,40.1114138784259],[-74.0546675770277,40.1114504079003]]}},{"type":"Feature","id":72294,"properties":{"OBJECTID":72294,"PRIMENAME":"3rd Avenue","ELEVTYP_F":0,"ELEVTYP_T":0},"geometry":{"type":"LineString","coordinates":[[-74.0368620946538,40.1061344684097],[-74.0367635012564,40.1066915084383],[-74.0367500309828,40.1067692839526]]}},{"type":"Feature","id":72628,"properties":{"OBJECTID":72628,"PRIMENAME":"Ridge Avenue","ELEVTYP_F":0,"ELEVTYP_T":0},"geometry":{"type":"LineString","coordinates":[[-74.0544720741775,40.1300429510897],[-74.0544800698994,40.130046502628],[-74.0544851501425,40.130049456604],[-74.0546780278808,40.1301616059905],[-74.0547498413598,40.1302028056448],[-74.0557642267506,40.1307847447137],[-74.0558657092545,40.1308429642385]]}},{"type":"Feature","id":72748,"properties":{"OBJECTID":72748,"PRIMENAME":"Fletcher Avenue","ELEVTYP_F":0,"ELEVTYP_T":0},"geometry":{"type":"LineString","coordinates":[[-74.0405498117476,40.1179344881382],[-74.0420072831229,40.1188898322935],[-74.0420774555291,40.1189357916928]]}},{"type":"Feature","id":73012,"properties":{"OBJECTID":73012,"PRIMENAME":"Courtyard Lane","ELEVTYP_F":0,"ELEVTYP_T":0},"geometry":{"type":"LineString","coordinates":[[-74.0603516172348,40.1088660255849],[-74.0602672102946,40.1089539906566],[-74.060215367509,40.1090257363217],[-74.0602027555198,40.1091069116284],[-74.0602105087195,40.1093111622902]]}},{"type":"Feature","id":73493,"properties":{"OBJECTID":73493,"PRIMENAME":"Harris Avenue","ELEVTYP_F":0,"ELEVTYP_T":0},"geometry":{"type":"LineString","coordinates":[[-74.0529125054471,40.1115209542684],[-74.0530283630959,40.1115794093477],[-74.0537337060865,40.1119347908987],[-74.0549711031168,40.1125639161382],[-74.0550934420912,40.112625788743],[-74.0561961422267,40.1131834550979],[-74.0563364079744,40.1132556719256]]}},{"type":"Feature","id":73728,"properties":{"OBJECTID":73728,"PRIMENAME":"Ashley Avenue","ELEVTYP_F":0,"ELEVTYP_T":0},"geometry":{"type":"LineString","coordinates":[[-74.0563688761679,40.105203984519],[-74.0560513576393,40.1054964880536]]}},{"type":"Feature","id":73733,"properties":{"OBJECTID":73733,"PRIMENAME":"Newark Avenue","ELEVTYP_F":0,"ELEVTYP_T":0},"geometry":{"type":"LineString","coordinates":[[-74.0608351496662,40.1317486177142],[-74.0605253397318,40.1322604276057],[-74.0604530028118,40.1323799306666]]}},{"type":"Feature","id":74591,"properties":{"OBJECTID":74591,"PRIMENAME":"Glimmer Glass Circle","ELEVTYP_F":0,"ELEVTYP_T":0},"geometry":{"type":"LineString","coordinates":[[-74.0430174251107,40.1122901370022],[-74.0430184233512,40.1122051376366],[-74.0430054238452,40.1121591368602],[-74.0429834238941,40.112118136313],[-74.0429174231052,40.1120431367949],[-74.0428334244483,40.111983136507],[-74.042778423701,40.1119591376378],[-74.0426694232314,40.1119291377135],[-74.0425604234129,40.1119111366516],[-74.0423854227529,40.1119061373623]]}},{"type":"Feature","id":74731,"properties":{"OBJECTID":74731,"PRIMENAME":"Watson Place","ELEVTYP_F":0,"ELEVTYP_T":0},"geometry":{"type":"LineString","coordinates":[[-74.0390497212609,40.1144690112087],[-74.0389760755443,40.1145358679233],[-74.0388734386041,40.1146290947774],[-74.0384014046703,40.1150578492248],[-74.0383233318985,40.1151288058131]]}},{"type":"Feature","id":74755,"properties":{"OBJECTID":74755,"PRIMENAME":"Brielle Road","ELEVTYP_F":0,"ELEVTYP_T":0},"geometry":{"type":"LineString","coordinates":[[-74.0342948501995,40.1101841481207],[-74.0337254459823,40.1101100940325],[-74.0336038743954,40.1100942820495]]}},{"type":"Feature","id":77661,"properties":{"OBJECTID":77661,"PRIMENAME":"Boston Avenue","ELEVTYP_F":0,"ELEVTYP_T":0},"geometry":{"type":"LineString","coordinates":[[-74.0404465272843,40.1006169819141],[-74.0404507617236,40.1008590806199],[-74.0404512103744,40.1015097746336]]}},{"type":"Feature","id":77999,"properties":{"OBJECTID":77999,"PRIMENAME":"Sea Girt Avenue","ELEVTYP_F":0,"ELEVTYP_T":0},"geometry":{"type":"LineString","coordinates":[[-74.0311085684518,40.1233595707148],[-74.0312632901617,40.1233832626893]]}},{"type":"Feature","id":78038,"properties":{"OBJECTID":78038,"PRIMENAME":"Union Lane","ELEVTYP_F":0,"ELEVTYP_T":0},"geometry":{"type":"LineString","coordinates":[[-74.0528267459118,40.107871290798],[-74.0526093345527,40.1077362675278]]}},{"type":"Feature","id":78059,"properties":{"OBJECTID":78059,"PRIMENAME":"East Main Street","ELEVTYP_F":0,"ELEVTYP_T":0},"geometry":{"type":"LineString","coordinates":[[-74.0400965687357,40.1163904628741],[-74.0404650246387,40.1166335661996],[-74.0413480978502,40.1172085011539]]}},{"type":"Feature","id":78175,"properties":{"OBJECTID":78175,"PRIMENAME":"Blakey Avenue","ELEVTYP_F":0,"ELEVTYP_T":0},"geometry":{"type":"LineString","coordinates":[[-74.0461732483522,40.1286014380941],[-74.0474406282454,40.1290154186322],[-74.0475294883854,40.1290444544685]]}},{"type":"Feature","id":78643,"properties":{"OBJECTID":78643,"PRIMENAME":"Cresent Parkway","ELEVTYP_F":0,"ELEVTYP_T":0},"geometry":{"type":"LineString","coordinates":[[-74.0390605200455,40.1308048857689],[-74.0386020934675,40.13073429026],[-74.0372786506069,40.1305268197097]]}},{"type":"Feature","id":79266,"properties":{"OBJECTID":79266,"PRIMENAME":"Marcellus Avenue","ELEVTYP_F":0,"ELEVTYP_T":0},"geometry":{"type":"LineString","coordinates":[[-74.0518375679368,40.1184598583398],[-74.0524227994111,40.1188084679996],[-74.053647124487,40.1195614791002],[-74.0554094279288,40.1206359046124],[-74.0554972291735,40.1206905566373],[-74.0555264962825,40.1207087745647]]}},{"type":"Feature","id":80029,"properties":{"OBJECTID":80029,"PRIMENAME":"Cemetery Avenue","ELEVTYP_F":0,"ELEVTYP_T":0},"geometry":{"type":"LineString","coordinates":[[-74.0570040854525,40.1258344978672],[-74.0577138406163,40.1252535606756],[-74.0577633844336,40.1252130091409]]}},{"type":"Feature","id":80372,"properties":{"OBJECTID":80372,"PRIMENAME":"Manasquan Avenue","ELEVTYP_F":0,"ELEVTYP_T":0},"geometry":{"type":"LineString","coordinates":[[-74.0496483355245,40.1096688454417],[-74.0495774665436,40.1096261825724],[-74.0488296022702,40.1091759791969],[-74.0485016872213,40.1089785765148],[-74.0484327427961,40.1089370733255]]}},{"type":"Feature","id":80479,"properties":{"OBJECTID":80479,"PRIMENAME":"Minerva Avenue","ELEVTYP_F":0,"ELEVTYP_T":0},"geometry":{"type":"LineString","coordinates":[[-74.0455733745758,40.1199653484674],[-74.0454948645523,40.1200379284529],[-74.0447805230617,40.1206986064173]]}},{"type":"Feature","id":80911,"properties":{"OBJECTID":80911,"PRIMENAME":"3rd Avenue","ELEVTYP_F":0,"ELEVTYP_T":0},"geometry":{"type":"LineString","coordinates":[[-74.0362960744476,40.1092711564415],[-74.0361768726218,40.1098919962396],[-74.0361767220575,40.1098930935753]]}},{"type":"Feature","id":81594,"properties":{"OBJECTID":81594,"PRIMENAME":"Colby Avenue","ELEVTYP_F":0,"ELEVTYP_T":0},"geometry":{"type":"LineString","coordinates":[[-74.0441879507156,40.1245319224433],[-74.0442733550513,40.1244561037524],[-74.0460366648303,40.122891566064],[-74.0460595824667,40.1228712310336],[-74.0462407437367,40.1227051095689],[-74.0463781661123,40.1225769758785],[-74.0466531725908,40.1223016014727]]}},{"type":"Feature","id":82420,"properties":{"OBJECTID":82420,"PRIMENAME":"South Farragut Avenue","ELEVTYP_F":0,"ELEVTYP_T":0},"geometry":{"type":"LineString","coordinates":[[-74.0465334254072,40.1166042534016],[-74.0459366880087,40.1171542149544]]}},{"type":"Feature","id":82638,"properties":{"OBJECTID":82638,"PRIMENAME":"1st Avenue","ELEVTYP_F":0,"ELEVTYP_T":0},"geometry":{"type":"LineString","coordinates":[[-74.0340101859573,40.1118797646285],[-74.0338153419035,40.1130233868574],[-74.0336786616095,40.1138168870896]]}},{"type":"Feature","id":84195,"properties":{"OBJECTID":84195,"PRIMENAME":"Seaside Place","ELEVTYP_F":0,"ELEVTYP_T":0},"geometry":{"type":"LineString","coordinates":[[-74.0320267482299,40.1243805269906],[-74.0310411838645,40.1242272039923]]}},{"type":"Feature","id":84819,"properties":{"OBJECTID":84819,"PRIMENAME":"Washington Boulevard","ELEVTYP_F":0,"ELEVTYP_T":0},"geometry":{"type":"LineString","coordinates":[[-74.0333108404762,40.1287067192533],[-74.033230024668,40.1287206964325],[-74.0331641502311,40.1287372728164],[-74.0331553994893,40.1287394748428],[-74.0331114559611,40.1288060087245],[-74.0331012146833,40.1288391306557]]}},{"type":"Feature","id":84969,"properties":{"OBJECTID":84969,"PRIMENAME":"East Main Street","ELEVTYP_F":0,"ELEVTYP_T":0},"geometry":{"type":"LineString","coordinates":[[-74.0475376161514,40.121248559602],[-74.0482843207943,40.1217354978531],[-74.048739505411,40.1220292343065]]}},{"type":"Feature","id":85010,"properties":{"OBJECTID":85010,"PRIMENAME":"Perrine Boulevard","ELEVTYP_F":0,"ELEVTYP_T":0},"geometry":{"type":"LineString","coordinates":[[-74.0443614811141,40.1134904979776],[-74.0441977391427,40.1134746122662],[-74.0439556684931,40.113464132793],[-74.043601739075,40.1134770415722],[-74.0431235728267,40.113503735158],[-74.0427677585809,40.1135417640352],[-74.0425644824359,40.113563489367],[-74.0422786851543,40.1136004926595],[-74.0420115446435,40.1136280433512],[-74.0419674582104,40.1136385475629]]}},{"type":"Feature","id":85064,"properties":{"OBJECTID":85064,"PRIMENAME":"Sea Girt Avenue","ELEVTYP_F":0,"ELEVTYP_T":0},"geometry":{"type":"LineString","coordinates":[[-74.0432452719828,40.1303925411544],[-74.0431474025316,40.1303521295761],[-74.0430142824133,40.1303017064131]]}},{"type":"Feature","id":85536,"properties":{"OBJECTID":85536,"PRIMENAME":"Atlantic Avenue","ELEVTYP_F":0,"ELEVTYP_T":0},"geometry":{"type":"LineString","coordinates":[[-74.0541804925831,40.128219893859],[-74.0538925220463,40.1281104558976],[-74.0535998835388,40.1279985277456],[-74.0533630375832,40.1278975213861],[-74.0530907317472,40.1277830349535]]}},{"type":"Feature","id":85750,"properties":{"OBJECTID":85750,"PRIMENAME":"4th Avenue","ELEVTYP_F":0,"ELEVTYP_T":0},"geometry":{"type":"LineString","coordinates":[[-74.0381517732694,40.1272786420169],[-74.0380392368232,40.1276626443687],[-74.0378678643806,40.1283007355798]]}},{"type":"Feature","id":86049,"properties":{"OBJECTID":86049,"PRIMENAME":"Perch Avenue","ELEVTYP_F":0,"ELEVTYP_T":0},"geometry":{"type":"LineString","coordinates":[[-74.0356835616688,40.1053711954488],[-74.0357854548471,40.1053816510486],[-74.0368523386299,40.1054907658133],[-74.0369772405527,40.1055035361668]]}},{"type":"Feature","id":86264,"properties":{"OBJECTID":86264,"PRIMENAME":"2nd Avenue","ELEVTYP_F":0,"ELEVTYP_T":0},"geometry":{"type":"LineString","coordinates":[[-74.0348247507334,40.1124956533809],[-74.0348024170613,40.1126277891069],[-74.0347856304131,40.1127271017364],[-74.0347469939723,40.112955672515],[-74.0345834997317,40.1139077726321]]}},{"type":"Feature","id":86555,"properties":{"OBJECTID":86555,"PRIMENAME":"Main Street","ELEVTYP_F":0,"ELEVTYP_T":0},"geometry":{"type":"LineString","coordinates":[[-74.0532166885728,40.125822309401],[-74.0530572881122,40.1256103889502],[-74.0526693767289,40.1251131735759],[-74.0519737549384,40.1242049484456],[-74.0519403107835,40.1241242995289]]}},{"type":"Feature","id":86990,"properties":{"OBJECTID":86990,"PRIMENAME":"Saint Louis Avenue","ELEVTYP_F":0,"ELEVTYP_T":0},"geometry":{"type":"LineString","coordinates":[[-74.0465743446183,40.101197194252],[-74.0465693425406,40.1019507067771]]}},{"type":"Feature","id":87201,"properties":{"OBJECTID":87201,"PRIMENAME":"Park Avenue","ELEVTYP_F":0,"ELEVTYP_T":0},"geometry":{"type":"LineString","coordinates":[[-74.0590109246448,40.1180605817165],[-74.0589335982709,40.118007715053],[-74.0576232779015,40.1171114560598],[-74.0561586184032,40.1160954163496],[-74.0554910406664,40.1156591535257],[-74.0548173654884,40.1151942575622],[-74.0547200793608,40.1151271183134]]}},{"type":"Feature","id":87640,"properties":{"OBJECTID":87640,"PRIMENAME":"Boston Boulevard","ELEVTYP_F":0,"ELEVTYP_T":0},"geometry":{"type":"LineString","coordinates":[[-74.0410610780915,40.1321668366689],[-74.0405602858994,40.1320868021577]]}},{"type":"Feature","id":87776,"properties":{"OBJECTID":87776,"PRIMENAME":"Salmon Avenue","ELEVTYP_F":0,"ELEVTYP_T":0},"geometry":{"type":"LineString","coordinates":[[-74.0365336731834,40.10802057875],[-74.0363945165209,40.1080054712183],[-74.0353462899023,40.1078916516191],[-74.0352315001231,40.1078791938919]]}},{"type":"Feature","id":87904,"properties":{"OBJECTID":87904,"PRIMENAME":"South Potter Avenue","ELEVTYP_F":0,"ELEVTYP_T":0},"geometry":{"type":"LineString","coordinates":[[-74.0408948217368,40.115667579734],[-74.0400965687357,40.1163904628741]]}},{"type":"Feature","id":87981,"properties":{"OBJECTID":87981,"PRIMENAME":"East Virginia Avenue","ELEVTYP_F":0,"ELEVTYP_T":0},"geometry":{"type":"LineString","coordinates":[[-74.0477726554808,40.1173856072079],[-74.0487182508161,40.1179582036888],[-74.0487952877331,40.1180048441801]]}},{"type":"Feature","id":88418,"properties":{"OBJECTID":88418,"PRIMENAME":"Union Avenue","ELEVTYP_F":0,"ELEVTYP_T":0},"geometry":{"type":"LineString","coordinates":[[-74.0563364079744,40.1132556719256],[-74.055836028916,40.1138342752969]]}},{"type":"Feature","id":88714,"properties":{"OBJECTID":88714,"PRIMENAME":"Cemetery Avenue","ELEVTYP_F":0,"ELEVTYP_T":0},"geometry":{"type":"LineString","coordinates":[[-74.0562127723655,40.1264989593716],[-74.0566589651385,40.1261169581297],[-74.0570040854525,40.1258344978672]]}},{"type":"Feature","id":88871,"properties":{"OBJECTID":88871,"PRIMENAME":"Borrie Avenue","ELEVTYP_F":0,"ELEVTYP_T":0},"geometry":{"type":"LineString","coordinates":[[-74.0583693435829,40.1151256619889],[-74.0578303906792,40.1148530832368],[-74.0566115191002,40.1142240596083],[-74.0559680280888,40.1139022609552],[-74.055836028916,40.1138342752969]]}},{"type":"Feature","id":88989,"properties":{"OBJECTID":88989,"PRIMENAME":"Union Avenue","ELEVTYP_F":0,"ELEVTYP_T":0},"geometry":{"type":"LineString","coordinates":[[-74.0540197124465,40.1159363185429],[-74.054017587051,40.1159387809442],[-74.0539359456545,40.1160328774916]]}},{"type":"Feature","id":89471,"properties":{"OBJECTID":89471,"PRIMENAME":"Union Avenue","ELEVTYP_F":0,"ELEVTYP_T":0},"geometry":{"type":"LineString","coordinates":[[-74.0494373939721,40.1212460827521],[-74.0492385007458,40.1214780552001],[-74.0489345874403,40.1218223401208],[-74.0488349235096,40.1219358274931],[-74.048739505411,40.1220292343065]]}},{"type":"Feature","id":89919,"properties":{"OBJECTID":89919,"PRIMENAME":"East Main Street","ELEVTYP_F":0,"ELEVTYP_T":0},"geometry":{"type":"LineString","coordinates":[[-74.0371448259117,40.1142413781775],[-74.0373761059603,40.1144145424468],[-74.0374705931287,40.1144857480664]]}},{"type":"Feature","id":90078,"properties":{"OBJECTID":90078,"PRIMENAME":"Main Street","ELEVTYP_F":0,"ELEVTYP_T":0},"geometry":{"type":"LineString","coordinates":[[-74.048739505411,40.1220292343065],[-74.0489829267037,40.1221862534413],[-74.0496875358727,40.1226608566926],[-74.0497301283153,40.1226877609663]]}},{"type":"Feature","id":90080,"properties":{"OBJECTID":90080,"PRIMENAME":"Church Street","ELEVTYP_F":0,"ELEVTYP_T":0},"geometry":{"type":"LineString","coordinates":[[-74.0587152374497,40.1258429796647],[-74.0583686821603,40.1256235656549]]}},{"type":"Feature","id":90564,"properties":{"OBJECTID":90564,"PRIMENAME":"Brielle Road","ELEVTYP_F":0,"ELEVTYP_T":0},"geometry":{"type":"LineString","coordinates":[[-74.0464064530988,40.1120727884385],[-74.0459851140575,40.1119640620086]]}},{"type":"Feature","id":91399,"properties":{"OBJECTID":91399,"PRIMENAME":"4th Avenue","ELEVTYP_F":0,"ELEVTYP_T":0},"geometry":{"type":"LineString","coordinates":[[-74.0371482543828,40.1310121279697],[-74.0370452922955,40.1313953207114],[-74.0370096934721,40.131528819277]]}},{"type":"Feature","id":91430,"properties":{"OBJECTID":91430,"PRIMENAME":"North Main Street","ELEVTYP_F":0,"ELEVTYP_T":0},"geometry":{"type":"LineString","coordinates":[[-74.0524035766226,40.128828699797],[-74.0530236990086,40.127888469902],[-74.0530907317472,40.1277830349535]]}},{"type":"Feature","id":91480,"properties":{"OBJECTID":91480,"PRIMENAME":"Cowart Avenue","ELEVTYP_F":0,"ELEVTYP_T":0},"geometry":{"type":"LineString","coordinates":[[-74.0404488430072,40.1204129824042],[-74.0405253992741,40.1204615755504],[-74.0414774504087,40.1210658822308],[-74.0415511166725,40.1211136949687]]}},{"type":"Feature","id":91750,"properties":{"OBJECTID":91750,"PRIMENAME":"Terrace Place","ELEVTYP_F":0,"ELEVTYP_T":0},"geometry":{"type":"LineString","coordinates":[[-74.0465655447566,40.1347690663475],[-74.0466101969774,40.1347076920098],[-74.0467610992612,40.1344223334404],[-74.0469558085389,40.1340894872277],[-74.0470751252346,40.1338849905888],[-74.0471504832085,40.1337613898394],[-74.0472069506768,40.1336710441085],[-74.0472572620993,40.1335759240717],[-74.0473014409914,40.133461699938],[-74.0474157098111,40.1330903791096],[-74.0475589750852,40.1326235169194],[-74.0475997708114,40.1324905659083]]}},{"type":"Feature","id":91845,"properties":{"OBJECTID":91845,"PRIMENAME":"Sea Girt Avenue","ELEVTYP_F":0,"ELEVTYP_T":0},"geometry":{"type":"LineString","coordinates":[[-74.044710995283,40.1307995957844],[-74.043797939769,40.1305596565974],[-74.0436472920117,40.1305177990807]]}},{"type":"Feature","id":91943,"properties":{"OBJECTID":91943,"PRIMENAME":"Minnehaha Trail","ELEVTYP_F":0,"ELEVTYP_T":0},"geometry":{"type":"LineString","coordinates":[[-74.0618524739717,40.1208786618343],[-74.0614824905583,40.1207926996655]]}},{"type":"Feature","id":92728,"properties":{"OBJECTID":92728,"PRIMENAME":"Dewey Avenue","ELEVTYP_F":0,"ELEVTYP_T":0},"geometry":{"type":"LineString","coordinates":[[-74.048371669275,40.1168462416569],[-74.0483030709202,40.116907990952],[-74.0477726554808,40.1173856072079]]}},{"type":"Feature","id":92819,"properties":{"OBJECTID":92819,"PRIMENAME":"Iroquois Road","ELEVTYP_F":0,"ELEVTYP_T":0},"geometry":{"type":"LineString","coordinates":[[-74.0573103417544,40.1212991751965],[-74.0570675071751,40.1215287414455],[-74.0569841300929,40.1216087772946]]}},{"type":"Feature","id":92937,"properties":{"OBJECTID":92937,"PRIMENAME":"Ocean Avenue","ELEVTYP_F":0,"ELEVTYP_T":0},"geometry":{"type":"LineString","coordinates":[[-74.0334226798105,40.1153143933235],[-74.0326797009342,40.1152202933619]]}},{"type":"Feature","id":93023,"properties":{"OBJECTID":93023,"PRIMENAME":"Cedar Avenue","ELEVTYP_F":0,"ELEVTYP_T":0},"geometry":{"type":"LineString","coordinates":[[-74.0479785691763,40.1193864988338],[-74.0478958941951,40.119332395227],[-74.0465730111317,40.1184666003261]]}},{"type":"Feature","id":93479,"properties":{"OBJECTID":93479,"PRIMENAME":"Unnamed Segment","ELEVTYP_F":0,"ELEVTYP_T":0},"geometry":{"type":"LineString","coordinates":[[-74.0619545745717,40.1135043145741],[-74.062050430257,40.1133771369557],[-74.0621484310538,40.1132761368529],[-74.0622124302049,40.1131951367234],[-74.0622394293257,40.1131451353021],[-74.0625494308368,40.112758136159],[-74.0626694312048,40.1125941372002]]}},{"type":"Feature","id":93934,"properties":{"OBJECTID":93934,"PRIMENAME":"Virginia Avenue","ELEVTYP_F":0,"ELEVTYP_T":0},"geometry":{"type":"LineString","coordinates":[[-74.0491763412376,40.1182470366538],[-74.0492662066581,40.118300562979],[-74.0496182745191,40.118510319133],[-74.0503854946824,40.1189674084067],[-74.0510441572533,40.1193780800437]]}},{"type":"Feature","id":94283,"properties":{"OBJECTID":94283,"PRIMENAME":"Warren Avenue","ELEVTYP_F":0,"ELEVTYP_T":0},"geometry":{"type":"LineString","coordinates":[[-74.0473937478169,40.1199009342934],[-74.0478638139089,40.1194895488079],[-74.0479785691763,40.1193864988338]]}},{"type":"Feature","id":95351,"properties":{"OBJECTID":95351,"PRIMENAME":"3rd Avenue","ELEVTYP_F":0,"ELEVTYP_T":0},"geometry":{"type":"LineString","coordinates":[[-74.0343281338607,40.1332316791529],[-74.0345984364218,40.1322122858637]]}},{"type":"Feature","id":95368,"properties":{"OBJECTID":95368,"PRIMENAME":"East Main Street","ELEVTYP_F":0,"ELEVTYP_T":0},"geometry":{"type":"LineString","coordinates":[[-74.0364236004756,40.1137013760059],[-74.0367510709154,40.1139465626666],[-74.0369989031357,40.1141321225053],[-74.0371448259117,40.1142413781775]]}},{"type":"Feature","id":95446,"properties":{"OBJECTID":95446,"PRIMENAME":"Pompano Avenue","ELEVTYP_F":0,"ELEVTYP_T":0},"geometry":{"type":"LineString","coordinates":[[-74.0364158307917,40.1086472716421],[-74.0362971821718,40.1086341960642],[-74.0351164111849,40.1085041122432]]}},{"type":"Feature","id":95977,"properties":{"OBJECTID":95977,"PRIMENAME":"Church Street","ELEVTYP_F":0,"ELEVTYP_T":0},"geometry":{"type":"LineString","coordinates":[[-74.0568167234982,40.1245681721878],[-74.0565929500403,40.1244157472973]]}},{"type":"Feature","id":97135,"properties":{"OBJECTID":97135,"PRIMENAME":"East Main Street","ELEVTYP_F":0,"ELEVTYP_T":0},"geometry":{"type":"LineString","coordinates":[[-74.0348247507334,40.1124956533809],[-74.0348798156298,40.112536750427],[-74.0350341900634,40.1126519620357]]}},{"type":"Feature","id":97658,"properties":{"OBJECTID":97658,"PRIMENAME":"Pompano Avenue","ELEVTYP_F":0,"ELEVTYP_T":0},"geometry":{"type":"LineString","coordinates":[[-74.0351164111849,40.1085041122432],[-74.0347712906451,40.1084660486942],[-74.0346095563104,40.1084482138157]]}},{"type":"Feature","id":98611,"properties":{"OBJECTID":98611,"PRIMENAME":"East Main Street","ELEVTYP_F":0,"ELEVTYP_T":0},"geometry":{"type":"LineString","coordinates":[[-74.0387704943359,40.1154644433237],[-74.0393649515909,40.1158999900791],[-74.0394206682177,40.1159412811909]]}},{"type":"Feature","id":99224,"properties":{"OBJECTID":99224,"PRIMENAME":"Gertrude Place","ELEVTYP_F":0,"ELEVTYP_T":0},"geometry":{"type":"LineString","coordinates":[[-74.0563017463217,40.1222640210501],[-74.0562575344786,40.1222366257116],[-74.0559775231065,40.1220631133899],[-74.0557843593544,40.1222347766565]]}},{"type":"Feature","id":99406,"properties":{"OBJECTID":99406,"PRIMENAME":"Minnesink Road","ELEVTYP_F":0,"ELEVTYP_T":0},"geometry":{"type":"LineString","coordinates":[[-74.0641177057697,40.1249941128636],[-74.0635535408419,40.1248680384275],[-74.062635938356,40.1246643623363],[-74.0618114422943,40.124475416148],[-74.060577226291,40.1242032225071],[-74.0604040280349,40.1241650255227],[-74.0602018554684,40.1241225021418]]}},{"type":"Feature","id":100040,"properties":{"OBJECTID":100040,"PRIMENAME":"Unnamed Segment","ELEVTYP_F":0,"ELEVTYP_T":0},"geometry":{"type":"LineString","coordinates":[[-74.0431266639949,40.1270645649044],[-74.0429318202072,40.1272513250927],[-74.0427313027132,40.1274317127118]]}},{"type":"Feature","id":100260,"properties":{"OBJECTID":100260,"PRIMENAME":"Cherokee Lane","ELEVTYP_F":0,"ELEVTYP_T":0},"geometry":{"type":"LineString","coordinates":[[-74.0593716938928,40.1058821170518],[-74.0594406926685,40.1059324812473],[-74.060688950054,40.1068431282223],[-74.0611087571194,40.1071493840671]]}},{"type":"Feature","id":101053,"properties":{"OBJECTID":101053,"PRIMENAME":"McLean Avenue","ELEVTYP_F":0,"ELEVTYP_T":0},"geometry":{"type":"LineString","coordinates":[[-74.0412716964686,40.1196703193985],[-74.0398602014705,40.1187526497656],[-74.0397359935047,40.1186703459533]]}},{"type":"Feature","id":101770,"properties":{"OBJECTID":101770,"PRIMENAME":"Newark Avenue","ELEVTYP_F":0,"ELEVTYP_T":0},"geometry":{"type":"LineString","coordinates":[[-74.0617446080558,40.1302605723926],[-74.0612859637005,40.1310107720297]]}},{"type":"Feature","id":102293,"properties":{"OBJECTID":102293,"PRIMENAME":"3rd Avenue","ELEVTYP_F":0,"ELEVTYP_T":0},"geometry":{"type":"LineString","coordinates":[[-74.0356364362069,40.1131058414818],[-74.0354846133781,40.114015546574]]}},{"type":"Feature","id":102747,"properties":{"OBJECTID":102747,"PRIMENAME":"Boston Boulevard","ELEVTYP_F":0,"ELEVTYP_T":0},"geometry":{"type":"LineString","coordinates":[[-74.0325600099445,40.1308261043785],[-74.0322993825478,40.1307852724755],[-74.0321751254351,40.1307658003697]]}},{"type":"Feature","id":102851,"properties":{"OBJECTID":102851,"PRIMENAME":"Boston Boulevard","ELEVTYP_F":0,"ELEVTYP_T":0},"geometry":{"type":"LineString","coordinates":[[-74.0414731246843,40.1322326813553],[-74.0410610780915,40.1321668366689]]}},{"type":"Feature","id":103140,"properties":{"OBJECTID":103140,"PRIMENAME":"5th Avenue","ELEVTYP_F":0,"ELEVTYP_T":0},"geometry":{"type":"LineString","coordinates":[[-74.0391000235114,40.13065915818],[-74.039162966794,40.1304266897278],[-74.0393711037441,40.129655321897]]}},{"type":"Feature","id":103521,"properties":{"OBJECTID":103521,"PRIMENAME":"Old Bridge Road","ELEVTYP_F":0,"ELEVTYP_T":0},"geometry":{"type":"LineString","coordinates":[[-74.058304135565,40.1184673497485],[-74.0581153476054,40.1185418513907],[-74.0579386480488,40.1186103309356]]}},{"type":"Feature","id":103700,"properties":{"OBJECTID":103700,"PRIMENAME":"Dewey Avenue","ELEVTYP_F":0,"ELEVTYP_T":0},"geometry":{"type":"LineString","coordinates":[[-74.0459987060011,40.1189910910296],[-74.0452864514153,40.1196415126127],[-74.0451994205334,40.1197209492001]]}},{"type":"Feature","id":103911,"properties":{"OBJECTID":103911,"PRIMENAME":"Riverview Lane","ELEVTYP_F":0,"ELEVTYP_T":0},"geometry":{"type":"LineString","coordinates":[[-74.0596862648155,40.1055347412422],[-74.059617399012,40.1054803426083],[-74.0586108290029,40.1046852863556],[-74.0582775207925,40.1044028412518],[-74.0582095398265,40.1043501744716],[-74.0581538208149,40.104330881732]]}},{"type":"Feature","id":104500,"properties":{"OBJECTID":104500,"PRIMENAME":"Unnamed Segment","ELEVTYP_F":0,"ELEVTYP_T":0},"geometry":{"type":"LineString","coordinates":[[-74.0433826252932,40.127784247456],[-74.0432692735325,40.1277499941563]]}},{"type":"Feature","id":105054,"properties":{"OBJECTID":105054,"PRIMENAME":"Camp Drive","ELEVTYP_F":0,"ELEVTYP_T":0},"geometry":{"type":"LineString","coordinates":[[-74.0440467124268,40.126070351953],[-74.0439938737985,40.1262174285254],[-74.0439859335624,40.1262382067002],[-74.0439704866496,40.1262705399335],[-74.0439509794034,40.1263105175064],[-74.0439113823483,40.1263972227867],[-74.0438718406889,40.1264865087342],[-74.0438308201621,40.1265828718325],[-74.0437802043699,40.1266967388668],[-74.0437048747914,40.1268591833517],[-74.0436375790545,40.1270073565557],[-74.0435582136381,40.1271743695206],[-74.0435211672549,40.1272483183908],[-74.0435037963242,40.1272812474311]]}},{"type":"Feature","id":105252,"properties":{"OBJECTID":105252,"PRIMENAME":"FR NJ 71 SB to NJ 35 SB","ELEVTYP_F":0,"ELEVTYP_T":0},"geometry":{"type":"LineString","coordinates":[[-74.0575066826779,40.108453150491],[-74.0573117838256,40.1083880551395],[-74.0571674140256,40.1083215062004],[-74.0570275841202,40.1082549474233],[-74.0568860429814,40.1081878595309]]}},{"type":"Feature","id":105286,"properties":{"OBJECTID":105286,"PRIMENAME":"Stockton Boulevard","ELEVTYP_F":0,"ELEVTYP_T":0},"geometry":{"type":"LineString","coordinates":[[-74.0360061610165,40.1269403553135],[-74.0337996248662,40.1265923408538],[-74.0336909851296,40.126575403819]]}},{"type":"Feature","id":105633,"properties":{"OBJECTID":105633,"PRIMENAME":"Lakewood Road","ELEVTYP_F":0,"ELEVTYP_T":0},"geometry":{"type":"LineString","coordinates":[[-74.0607259027552,40.1227953274364],[-74.0614202114489,40.1229508440275],[-74.06171731069,40.1230173891966],[-74.0631990382192,40.123347097317],[-74.0642095580429,40.1235749201777],[-74.0645568014867,40.1236477137613],[-74.0646374530602,40.1236575435311],[-74.064719604052,40.1236508242641]]}},{"type":"Feature","id":105964,"properties":{"OBJECTID":105964,"PRIMENAME":"1st Avenue","ELEVTYP_F":0,"ELEVTYP_T":0},"geometry":{"type":"LineString","coordinates":[[-74.0342948501995,40.1101841481207],[-74.0340101859573,40.1118797646285]]}},{"type":"Feature","id":106666,"properties":{"OBJECTID":106666,"PRIMENAME":"Riverview Drive","ELEVTYP_F":0,"ELEVTYP_T":0},"geometry":{"type":"LineString","coordinates":[[-74.0583539829965,40.1070359271023],[-74.0581776606161,40.1072333377356],[-74.0580394431308,40.1073930537602]]}},{"type":"Feature","id":107493,"properties":{"OBJECTID":107493,"PRIMENAME":"FR EVERGREEN AVE TO A101490","ELEVTYP_F":0,"ELEVTYP_T":0},"geometry":{"type":"LineString","coordinates":[[-74.05590673088,40.1079006566787],[-74.0558986655413,40.1078893653236],[-74.0558903103962,40.1078781989022],[-74.0558816687258,40.1078671617994],[-74.0558727439239,40.1078562583495],[-74.0558635394952,40.1078454928342],[-74.0558540590544,40.1078348694809],[-74.0558443063244,40.1078243924614],[-74.0558342851354,40.1078140658899]]}},{"type":"Feature","id":107976,"properties":{"OBJECTID":107976,"PRIMENAME":"Lake Avenue","ELEVTYP_F":0,"ELEVTYP_T":0},"geometry":{"type":"LineString","coordinates":[[-74.0476631475166,40.1096973468844],[-74.0477393238735,40.1097429426711],[-74.0488213645711,40.1103906062434],[-74.0488769219645,40.1104238761025]]}},{"type":"Feature","id":108341,"properties":{"OBJECTID":108341,"PRIMENAME":"Glimmer Glass Circle","ELEVTYP_F":0,"ELEVTYP_T":0},"geometry":{"type":"LineString","coordinates":[[-74.0423854227529,40.1119061373623],[-74.0421974239096,40.1119451372686],[-74.0417174235385,40.1120351370709],[-74.0416374245796,40.1120641378891],[-74.0415714241243,40.1121011372244],[-74.0415304244016,40.1121351371219],[-74.0414814253808,40.112187136204],[-74.0414444235862,40.1122471358367],[-74.0414234234428,40.1123391371988],[-74.0414234241749,40.1126181369101]]}},{"type":"Feature","id":108411,"properties":{"OBJECTID":108411,"PRIMENAME":"Washington Boulevard","ELEVTYP_F":0,"ELEVTYP_T":0},"geometry":{"type":"LineString","coordinates":[[-74.0421760741954,40.1300997623418],[-74.0419254611498,40.1300590736447],[-74.0413679198859,40.1299685512331],[-74.0393711037441,40.129655321897]]}},{"type":"Feature","id":109028,"properties":{"OBJECTID":109028,"PRIMENAME":"Riverview Drive","ELEVTYP_F":0,"ELEVTYP_T":0},"geometry":{"type":"LineString","coordinates":[[-74.0593716938928,40.1058821170518],[-74.0592406579358,40.1060267897456],[-74.0591687552861,40.1061106602776]]}},{"type":"Feature","id":109054,"properties":{"OBJECTID":109054,"PRIMENAME":"Lenape Trail","ELEVTYP_F":0,"ELEVTYP_T":0},"geometry":{"type":"LineString","coordinates":[[-74.0615373787765,40.1206482256539],[-74.0614824905583,40.1207926996655]]}},{"type":"Feature","id":109108,"properties":{"OBJECTID":109108,"PRIMENAME":"Gardners Lane","ELEVTYP_F":0,"ELEVTYP_T":0},"geometry":{"type":"LineString","coordinates":[[-74.0562127723655,40.1264989593716],[-74.0561105493316,40.1264294408775],[-74.0554058510361,40.1259501272219],[-74.0554064099148,40.1258643390387],[-74.0550911430501,40.1256534153289],[-74.0550447110541,40.1256223794461]]}},{"type":"Feature","id":109125,"properties":{"OBJECTID":109125,"PRIMENAME":"Sea Girt Avenue","ELEVTYP_F":0,"ELEVTYP_T":0},"geometry":{"type":"LineString","coordinates":[[-74.0362476880592,40.1260377920997],[-74.0373439790277,40.1267256997965],[-74.0380931220454,40.1271948623383],[-74.0381634143309,40.1272388817532],[-74.0382521964738,40.1272944711941]]}},{"type":"Feature","id":109617,"properties":{"OBJECTID":109617,"PRIMENAME":"Rankin Road","ELEVTYP_F":0,"ELEVTYP_T":0},"geometry":{"type":"LineString","coordinates":[[-74.0613677939849,40.10618522576],[-74.0608695357267,40.1057424414782],[-74.0606970185544,40.1055888259571],[-74.0602030058519,40.105148930779],[-74.060105924465,40.1050624967619]]}},{"type":"Feature","id":109794,"properties":{"OBJECTID":109794,"PRIMENAME":"Donnelly Place","ELEVTYP_F":0,"ELEVTYP_T":0},"geometry":{"type":"LineString","coordinates":[[-74.0458801316397,40.109610152671],[-74.0458224140021,40.10956866403],[-74.0454826603653,40.1093242346097]]}},{"type":"Feature","id":109994,"properties":{"OBJECTID":109994,"PRIMENAME":"Boston Boulevard","ELEVTYP_F":0,"ELEVTYP_T":0},"geometry":{"type":"LineString","coordinates":[[-74.0370096934721,40.131528819277],[-74.0350161403737,40.1312108614869],[-74.0348701230277,40.1311879831751]]}},{"type":"Feature","id":110424,"properties":{"OBJECTID":110424,"PRIMENAME":"Atlantic Avenue","ELEVTYP_F":0,"ELEVTYP_T":0},"geometry":{"type":"LineString","coordinates":[[-74.0612859637005,40.1310107720297],[-74.0610876324289,40.1309404543075],[-74.0605351149663,40.1307427292382],[-74.0597448838887,40.1304599272565],[-74.0593372041151,40.1303149353909]]}},{"type":"Feature","id":110455,"properties":{"OBJECTID":110455,"PRIMENAME":"Woodland Avenue","ELEVTYP_F":0,"ELEVTYP_T":0},"geometry":{"type":"LineString","coordinates":[[-74.0483276306358,40.1254419818617],[-74.0474841939382,40.1248994856952],[-74.047420166898,40.1248583029352]]}},{"type":"Feature","id":110695,"properties":{"OBJECTID":110695,"PRIMENAME":"Leslie Avenue","ELEVTYP_F":0,"ELEVTYP_T":0},"geometry":{"type":"LineString","coordinates":[[-74.0511896295048,40.1080472742604],[-74.0511641319282,40.108102411082],[-74.0511200665194,40.1081975574789],[-74.0510699361492,40.1082688508341],[-74.0509387679443,40.1083922653858],[-74.0505077266762,40.1088100205884]]}},{"type":"Feature","id":110789,"properties":{"OBJECTID":110789,"PRIMENAME":"3rd Avenue","ELEVTYP_F":0,"ELEVTYP_T":0},"geometry":{"type":"LineString","coordinates":[[-74.0360061610165,40.1269403553135],[-74.036217854557,40.1261492684569],[-74.0362476880592,40.1260377920997]]}},{"type":"Feature","id":111417,"properties":{"OBJECTID":111417,"PRIMENAME":"Cowart Avenue","ELEVTYP_F":0,"ELEVTYP_T":0},"geometry":{"type":"LineString","coordinates":[[-74.0415511166725,40.1211136949687],[-74.0427119935114,40.1218670339274],[-74.0431031234837,40.1221208463163],[-74.0431871900109,40.1221753974409]]}},{"type":"Feature","id":112360,"properties":{"OBJECTID":112360,"PRIMENAME":"Wyckoff Avenue","ELEVTYP_F":0,"ELEVTYP_T":0},"geometry":{"type":"LineString","coordinates":[[-74.0458432071622,40.1213855339039],[-74.0458772414507,40.1213548656882],[-74.0465518403179,40.1207331458485],[-74.0466070593411,40.120640762454]]}},{"type":"Feature","id":112639,"properties":{"OBJECTID":112639,"PRIMENAME":"Iroquois Road","ELEVTYP_F":0,"ELEVTYP_T":0},"geometry":{"type":"LineString","coordinates":[[-74.0583730214752,40.1202945270983],[-74.0582757816478,40.1203864550448],[-74.0579217965317,40.1207210992867]]}},{"type":"Feature","id":112742,"properties":{"OBJECTID":112742,"PRIMENAME":"Holly Place","ELEVTYP_F":0,"ELEVTYP_T":0},"geometry":{"type":"LineString","coordinates":[[-74.0399273160398,40.1141319183056],[-74.0398286776093,40.1142199523235],[-74.039416515351,40.1145852783334],[-74.039337125001,40.1146556269134]]}},{"type":"Feature","id":113139,"properties":{"OBJECTID":113139,"PRIMENAME":"Borrie Avenue","ELEVTYP_F":0,"ELEVTYP_T":0},"geometry":{"type":"LineString","coordinates":[[-74.0608434485697,40.1163977704374],[-74.0607632258778,40.1163560670269],[-74.0606281915513,40.1162859082794],[-74.0593401593844,40.115616677641],[-74.0583693435829,40.1151256619889]]}},{"type":"Feature","id":113310,"properties":{"OBJECTID":113310,"PRIMENAME":"North Main Street","ELEVTYP_F":0,"ELEVTYP_T":0},"geometry":{"type":"LineString","coordinates":[[-74.0501569100373,40.1321969260611],[-74.0502205346316,40.1321051772419],[-74.0506977110183,40.1314172751612]]}},{"type":"Feature","id":113514,"properties":{"OBJECTID":113514,"PRIMENAME":"Riverview Drive","ELEVTYP_F":0,"ELEVTYP_T":0},"geometry":{"type":"LineString","coordinates":[[-74.0596278586882,40.1055992535241],[-74.0593716938928,40.1058821170518]]}},{"type":"Feature","id":115211,"properties":{"OBJECTID":115211,"PRIMENAME":"Abe Voorhees Drive","ELEVTYP_F":0,"ELEVTYP_T":0},"geometry":{"type":"LineString","coordinates":[[-74.0515998023385,40.1224215908519],[-74.0517833460337,40.1225950835922],[-74.0519870573058,40.1227722288791],[-74.0521532159801,40.1229153799063],[-74.0521537269719,40.1229158214171],[-74.0522597993635,40.1230046915433],[-74.0523081174999,40.1230451732334],[-74.0524378390153,40.1231409636139],[-74.0527161724915,40.1233041209838],[-74.0527849271856,40.1233444129951]]}},{"type":"Feature","id":115288,"properties":{"OBJECTID":115288,"PRIMENAME":"Warren Avenue","ELEVTYP_F":0,"ELEVTYP_T":0},"geometry":{"type":"LineString","coordinates":[[-74.0483995982627,40.1187594403176],[-74.0487358722931,40.1181107739607],[-74.0487952877331,40.1180048441801]]}},{"type":"Feature","id":115302,"properties":{"OBJECTID":115302,"PRIMENAME":"Magnolia Avenue","ELEVTYP_F":0,"ELEVTYP_T":0},"geometry":{"type":"LineString","coordinates":[[-74.0512912048464,40.114677546865],[-74.0518701114744,40.1149731781631],[-74.0533240574723,40.1157223049371],[-74.0538066461046,40.1159672336202],[-74.0539359456545,40.1160328774916]]}},{"type":"Feature","id":115312,"properties":{"OBJECTID":115312,"PRIMENAME":"2nd Avenue","ELEVTYP_F":0,"ELEVTYP_T":0},"geometry":{"type":"LineString","coordinates":[[-74.0341770158902,40.1247399065169],[-74.0341467680015,40.1248540989632],[-74.033954964289,40.1255785520495]]}},{"type":"Feature","id":116127,"properties":{"OBJECTID":116127,"PRIMENAME":"Unnamed Segment","ELEVTYP_F":0,"ELEVTYP_T":0},"geometry":{"type":"LineString","coordinates":[[-74.0494842324375,40.1080272601929],[-74.0494055737441,40.1078865287653],[-74.0492717825839,40.1076509789253],[-74.0491978289589,40.107498801694],[-74.0491900790399,40.1074108346006],[-74.0492218404349,40.1073310166988],[-74.0493220044027,40.1072978315131],[-74.0498657873557,40.1072487824921]]}},{"type":"Feature","id":116133,"properties":{"OBJECTID":116133,"PRIMENAME":"South Jackson Avenue","ELEVTYP_F":0,"ELEVTYP_T":0},"geometry":{"type":"LineString","coordinates":[[-74.0427228914711,40.1159643592483],[-74.0427517092543,40.1159381540443],[-74.0432531115039,40.1154822077949],[-74.0432954500098,40.1154444891471]]}},{"type":"Feature","id":116209,"properties":{"OBJECTID":116209,"PRIMENAME":"2nd Avenue","ELEVTYP_F":0,"ELEVTYP_T":0},"geometry":{"type":"LineString","coordinates":[[-74.0343012424749,40.115500778652],[-74.0342565106926,40.1156894476277],[-74.0341353993972,40.1161560459868],[-74.0339694068873,40.1168274004714],[-74.0338311443359,40.1173648125447]]}},{"type":"Feature","id":116774,"properties":{"OBJECTID":116774,"PRIMENAME":"Parker Avenue","ELEVTYP_F":0,"ELEVTYP_T":0},"geometry":{"type":"LineString","coordinates":[[-74.0497301283153,40.1226877609663],[-74.0496214806877,40.1227916604922],[-74.0495028709462,40.1229051008619],[-74.0483906291138,40.1239688549158],[-74.047420166898,40.1248583029352]]}},{"type":"Feature","id":117803,"properties":{"OBJECTID":117803,"PRIMENAME":"Morgan Parkway","ELEVTYP_F":0,"ELEVTYP_T":0},"geometry":{"type":"LineString","coordinates":[[-74.0599537387258,40.1135647922235],[-74.0600177318467,40.1135459749826],[-74.0600862089169,40.1135176292471],[-74.0601610252251,40.113465450124],[-74.0602025667806,40.1134248778665]]}},{"type":"Feature","id":117971,"properties":{"OBJECTID":117971,"PRIMENAME":"Lenape Trail","ELEVTYP_F":0,"ELEVTYP_T":0},"geometry":{"type":"LineString","coordinates":[[-74.0597724170896,40.1246453320323],[-74.0597613901302,40.1246583023291],[-74.0592483815103,40.1252568574358],[-74.0587731188909,40.1257793442663],[-74.0587152374497,40.1258429796647]]}},{"type":"Feature","id":118451,"properties":{"OBJECTID":118451,"PRIMENAME":"McLean Avenue","ELEVTYP_F":0,"ELEVTYP_T":0},"geometry":{"type":"LineString","coordinates":[[-74.042355911285,40.120375867903],[-74.0418443877955,40.1200425973384],[-74.0412716964686,40.1196703193985]]}},{"type":"Feature","id":118616,"properties":{"OBJECTID":118616,"PRIMENAME":"Union Avenue","ELEVTYP_F":0,"ELEVTYP_T":0},"geometry":{"type":"LineString","coordinates":[[-74.0533635033064,40.1166936294744],[-74.0531848703035,40.1168999679297],[-74.0526368157614,40.1175318243696],[-74.0524702008739,40.1177253012612]]}},{"type":"Feature","id":119180,"properties":{"OBJECTID":119180,"PRIMENAME":"Bradley Avenue","ELEVTYP_F":0,"ELEVTYP_T":0},"geometry":{"type":"LineString","coordinates":[[-74.0568235739577,40.1126899460401],[-74.0569562545069,40.1127574116924],[-74.059326019697,40.1139627451132],[-74.0593610884237,40.1139805851588]]}},{"type":"Feature","id":119349,"properties":{"OBJECTID":119349,"PRIMENAME":"Trenton Boulevard","ELEVTYP_F":0,"ELEVTYP_T":0},"geometry":{"type":"LineString","coordinates":[[-74.0315159730763,40.1273171073551],[-74.031324122488,40.1272257906412],[-74.0312726581619,40.1271997498083]]}},{"type":"Feature","id":119755,"properties":{"OBJECTID":119755,"PRIMENAME":"Pearce Drive","ELEVTYP_F":0,"ELEVTYP_T":0},"geometry":{"type":"LineString","coordinates":[[-74.0596278586882,40.1055992535241],[-74.0597032049094,40.1056522500939],[-74.0599688890962,40.105839144864],[-74.0602140681033,40.1060256071947]]}},{"type":"Feature","id":120429,"properties":{"OBJECTID":120429,"PRIMENAME":"Atlantic Avenue","ELEVTYP_F":0,"ELEVTYP_T":0},"geometry":{"type":"LineString","coordinates":[[-74.0585430059152,40.13001116377],[-74.0583791041711,40.1299435260861],[-74.0581236344257,40.1298389169602],[-74.0578635156606,40.1297342615999],[-74.0575594300661,40.1296096991729]]}},{"type":"Feature","id":120980,"properties":{"OBJECTID":120980,"PRIMENAME":"Euclid Avenue","ELEVTYP_F":0,"ELEVTYP_T":0},"geometry":{"type":"LineString","coordinates":[[-74.0421466151584,40.1164883558221],[-74.0427454095393,40.1168787112752],[-74.0433528626684,40.1172747054343],[-74.0436789948877,40.1174859238604]]}},{"type":"Feature","id":120984,"properties":{"OBJECTID":120984,"PRIMENAME":"Fisk Avenue","ELEVTYP_F":0,"ELEVTYP_T":0},"geometry":{"type":"LineString","coordinates":[[-74.0507868520012,40.1132563801259],[-74.0506588528848,40.1131954600715],[-74.0505574924475,40.113151138445],[-74.0504608344375,40.1131088732377],[-74.0503846289391,40.1130885920738]]}},{"type":"Feature","id":121051,"properties":{"OBJECTID":121051,"PRIMENAME":"The Plaza","ELEVTYP_F":0,"ELEVTYP_T":0},"geometry":{"type":"LineString","coordinates":[[-74.0414591992005,40.131388366756],[-74.0414350149269,40.1314318929586],[-74.0411204115009,40.1320502043583],[-74.0410610780915,40.1321668366689]]}},{"type":"Feature","id":121345,"properties":{"OBJECTID":121345,"PRIMENAME":"Stockton Boulevard","ELEVTYP_F":0,"ELEVTYP_T":0},"geometry":{"type":"LineString","coordinates":[[-74.0382521964738,40.1272944711941],[-74.0381517732694,40.1272786420169]]}},{"type":"Feature","id":121461,"properties":{"OBJECTID":121461,"PRIMENAME":"Stockton Lake Boulevard","ELEVTYP_F":0,"ELEVTYP_T":0},"geometry":{"type":"LineString","coordinates":[[-74.0410550130324,40.1215397227133],[-74.0412988171121,40.1217753290585],[-74.0417305516059,40.1221964364136],[-74.0423718826905,40.122847192526],[-74.0423947428892,40.1228772333671],[-74.042406623072,40.1228928468646]]}},{"type":"Feature","id":122412,"properties":{"OBJECTID":122412,"PRIMENAME":"Tarpon Avenue","ELEVTYP_F":0,"ELEVTYP_T":0},"geometry":{"type":"LineString","coordinates":[[-74.0361767220575,40.1098930935753],[-74.0360714303454,40.1098820203423],[-74.0348928833565,40.1097581470817],[-74.034900652111,40.1097144408721]]}},{"type":"Feature","id":123096,"properties":{"OBJECTID":123096,"PRIMENAME":"Parker Avenue","ELEVTYP_F":0,"ELEVTYP_T":0},"geometry":{"type":"LineString","coordinates":[[-74.0452784159724,40.1274669519058],[-74.0452772668828,40.1274719407939],[-74.0452217239955,40.1276387466963],[-74.0451765016315,40.127748682394],[-74.0451212453707,40.1278775218754],[-74.0450360795942,40.128040422137],[-74.0449476368764,40.1282011144847]]}},{"type":"Feature","id":124213,"properties":{"OBJECTID":124213,"PRIMENAME":"New Brunswick Avenue","ELEVTYP_F":0,"ELEVTYP_T":0},"geometry":{"type":"LineString","coordinates":[[-74.0633919777539,40.1308545153654],[-74.0633857238897,40.1308522598896],[-74.0617446080558,40.1302605723926]]}},{"type":"Feature","id":124722,"properties":{"OBJECTID":124722,"PRIMENAME":"South McClellan Avenue","ELEVTYP_F":0,"ELEVTYP_T":0},"geometry":{"type":"LineString","coordinates":[[-74.0436789948877,40.1174859238604],[-74.0441864046008,40.1170253660367],[-74.0442488882871,40.1169696630546]]}},{"type":"Feature","id":126091,"properties":{"OBJECTID":126091,"PRIMENAME":"Washington Boulevard","ELEVTYP_F":0,"ELEVTYP_T":0},"geometry":{"type":"LineString","coordinates":[[-74.0375821276422,40.1293748436166],[-74.0354444451021,40.1290391865695]]}},{"type":"Feature","id":126862,"properties":{"OBJECTID":126862,"PRIMENAME":"Brielle Avenue","ELEVTYP_F":0,"ELEVTYP_T":0},"geometry":{"type":"LineString","coordinates":[[-74.0545480795042,40.108940850584],[-74.054466607417,40.1090159788849],[-74.0542702743543,40.1091970445708],[-74.0529740635545,40.1103924332937],[-74.0528465884044,40.1105085335123]]}},{"type":"Feature","id":127976,"properties":{"OBJECTID":127976,"PRIMENAME":"Willow Way","ELEVTYP_F":0,"ELEVTYP_T":0},"geometry":{"type":"LineString","coordinates":[[-74.0503399291217,40.1300037349135],[-74.0499750202935,40.1298844349165]]}},{"type":"Feature","id":128040,"properties":{"OBJECTID":128040,"PRIMENAME":"North Hillcrest Path","ELEVTYP_F":0,"ELEVTYP_T":0},"geometry":{"type":"LineString","coordinates":[[-74.0603219885633,40.1263524679452],[-74.0603469514055,40.1262857426275],[-74.0605676213609,40.1256949699692],[-74.0605869444651,40.1256432385288]]}},{"type":"Feature","id":129729,"properties":{"OBJECTID":129729,"PRIMENAME":"Church Street","ELEVTYP_F":0,"ELEVTYP_T":0},"geometry":{"type":"LineString","coordinates":[[-74.0558669877015,40.1239260321308],[-74.0549264686794,40.1232935290845],[-74.0547367306371,40.1231657471599]]}},{"type":"Feature","id":129802,"properties":{"OBJECTID":129802,"PRIMENAME":"Center Street","ELEVTYP_F":0,"ELEVTYP_T":0},"geometry":{"type":"LineString","coordinates":[[-74.0545617330288,40.1115614601346],[-74.0546675770277,40.1114504079003]]}},{"type":"Feature","id":130065,"properties":{"OBJECTID":130065,"PRIMENAME":"Mohegan Road","ELEVTYP_F":0,"ELEVTYP_T":0},"geometry":{"type":"LineString","coordinates":[[-74.0583564388145,40.122266137183],[-74.0585455982092,40.1224065935643],[-74.0592675944025,40.1229426722369],[-74.0597134247977,40.1232736940595],[-74.0597504979854,40.1232976644524],[-74.0598186468187,40.1233217529485],[-74.0600319737604,40.1233705908544]]}},{"type":"Feature","id":130338,"properties":{"OBJECTID":130338,"PRIMENAME":"Union Avenue","ELEVTYP_F":0,"ELEVTYP_T":0},"geometry":{"type":"LineString","coordinates":[[-74.0524702008739,40.1177253012612],[-74.0518744656054,40.118417174348],[-74.0518375679368,40.1184598583398]]}},{"type":"Feature","id":130524,"properties":{"OBJECTID":130524,"PRIMENAME":"Unnamed Segment","ELEVTYP_F":0,"ELEVTYP_T":0},"geometry":{"type":"LineString","coordinates":[[-74.0361014211458,40.1203431377609],[-74.0359484239066,40.1202201395747],[-74.035711421218,40.1201051376005],[-74.0352754221317,40.1198961382961],[-74.0350354226608,40.1197901396822],[-74.0346834219652,40.1196651382976],[-74.0339994202129,40.1194691377855]]}},{"type":"Feature","id":131908,"properties":{"OBJECTID":131908,"PRIMENAME":"Sea Girt Avenue","ELEVTYP_F":0,"ELEVTYP_T":0},"geometry":{"type":"LineString","coordinates":[[-74.0516402475656,40.1325699434458],[-74.0509473539046,40.1323957044499]]}},{"type":"Feature","id":132054,"properties":{"OBJECTID":132054,"PRIMENAME":"Sea Girt Avenue","ELEVTYP_F":0,"ELEVTYP_T":0},"geometry":{"type":"LineString","coordinates":[[-74.0430142824133,40.1303017064131],[-74.0429058512833,40.1302606359842],[-74.0427758074643,40.1302076874594],[-74.0427455233301,40.130201936809]]}},{"type":"Feature","id":132169,"properties":{"OBJECTID":132169,"PRIMENAME":"Brielle Avenue","ELEVTYP_F":0,"ELEVTYP_T":0},"geometry":{"type":"LineString","coordinates":[[-74.0510687770686,40.1122248553686],[-74.0510668347053,40.1125202698593],[-74.0510369077543,40.1132922702649],[-74.0510337609965,40.1133738756863]]}},{"type":"Feature","id":132507,"properties":{"OBJECTID":132507,"PRIMENAME":"FR NJ 71 SB to NJ 35 SB","ELEVTYP_F":0,"ELEVTYP_T":0},"geometry":{"type":"LineString","coordinates":[[-74.0588021708162,40.1091401353404],[-74.0587574331989,40.1090886986256],[-74.0587238794421,40.109050121301],[-74.0586564245159,40.1089873528973],[-74.0585843843331,40.1089314860687],[-74.0584943430242,40.1088616592586],[-74.0583726114748,40.1087882249845],[-74.0582070620031,40.1087068270932]]}},{"type":"Feature","id":132531,"properties":{"OBJECTID":132531,"PRIMENAME":"Fletcher Avenue","ELEVTYP_F":0,"ELEVTYP_T":0},"geometry":{"type":"LineString","coordinates":[[-74.0420774555291,40.1189357916928],[-74.042728774021,40.1193622065936],[-74.0430766170986,40.1195899336886],[-74.0431647023603,40.119647273917]]}},{"type":"Feature","id":132598,"properties":{"OBJECTID":132598,"PRIMENAME":"East Virginia Avenue","ELEVTYP_F":0,"ELEVTYP_T":0},"geometry":{"type":"LineString","coordinates":[[-74.0438962833059,40.1149083665201],[-74.0448296325496,40.1155217694096],[-74.0449695949602,40.1156116513405]]}},{"type":"Feature","id":132966,"properties":{"OBJECTID":132966,"PRIMENAME":"Rogers Avenue","ELEVTYP_F":0,"ELEVTYP_T":0},"geometry":{"type":"LineString","coordinates":[[-74.0376952018511,40.1164258430846],[-74.0370359786574,40.1159716900483]]}},{"type":"Feature","id":132969,"properties":{"OBJECTID":132969,"PRIMENAME":"South Street","ELEVTYP_F":0,"ELEVTYP_T":0},"geometry":{"type":"LineString","coordinates":[[-74.0571960078742,40.1191082876621],[-74.0566026825736,40.1196641958675],[-74.0562356320011,40.1200242356757]]}},{"type":"Feature","id":133706,"properties":{"OBJECTID":133706,"PRIMENAME":"Euclid Avenue","ELEVTYP_F":0,"ELEVTYP_T":0},"geometry":{"type":"LineString","coordinates":[[-74.0390497212609,40.1144690112087],[-74.039337125001,40.1146556269134]]}},{"type":"Feature","id":134310,"properties":{"OBJECTID":134310,"PRIMENAME":"Unnamed Segment","ELEVTYP_F":0,"ELEVTYP_T":0},"geometry":{"type":"LineString","coordinates":[[-74.0371482543828,40.1310121279697],[-74.0371461419879,40.1310118223011],[-74.0370947610316,40.1310043970464],[-74.0369897144946,40.130989207684],[-74.0368134727042,40.1309614616679],[-74.036645768602,40.1309352870124],[-74.0364551555572,40.1309064669781],[-74.0362575261966,40.1308736104876],[-74.0360988487208,40.130845303238],[-74.0359178504797,40.1308175917479],[-74.0357586939011,40.1307921363822],[-74.0355776290694,40.1307632162755],[-74.0354009140334,40.1307367289725],[-74.0352064905737,40.1307058875737],[-74.0350996984756,40.1306897284612],[-74.0350761520039,40.1306864491133],[-74.0350073329572,40.1306768939596],[-74.0350061466003,40.130676729775]]}},{"type":"Feature","id":136588,"properties":{"OBJECTID":136588,"PRIMENAME":"FR EVERGREEN AVE to RT 35 NB","ELEVTYP_F":0,"ELEVTYP_T":0},"geometry":{"type":"LineString","coordinates":[[-74.0556957086718,40.1077807556295],[-74.0558342851354,40.1078140658899]]}},{"type":"Feature","id":138363,"properties":{"OBJECTID":138363,"PRIMENAME":"Old Bridge Road","ELEVTYP_F":0,"ELEVTYP_T":0},"geometry":{"type":"LineString","coordinates":[[-74.0603138700445,40.1176813311552],[-74.0599263838283,40.1178380705872],[-74.0590344810611,40.1181795152757],[-74.0589984092244,40.1181933241694],[-74.0589270797499,40.1182214782304]]}},{"type":"Feature","id":139696,"properties":{"OBJECTID":139696,"PRIMENAME":"Union Avenue","ELEVTYP_F":0,"ELEVTYP_T":0},"geometry":{"type":"LineString","coordinates":[[-74.0568235739577,40.1126899460401],[-74.0563783434655,40.1132071584839],[-74.0563364079744,40.1132556719256]]}},{"type":"Feature","id":140120,"properties":{"OBJECTID":140120,"PRIMENAME":"Evergreen Avenue","ELEVTYP_F":0,"ELEVTYP_T":0},"geometry":{"type":"LineString","coordinates":[[-74.0564670717851,40.1091971319926],[-74.0564596546744,40.1092054493689],[-74.0559795518742,40.1097438580775],[-74.0559296329449,40.1097998354262]]}},{"type":"Feature","id":140725,"properties":{"OBJECTID":140725,"PRIMENAME":"Pine Avenue","ELEVTYP_F":0,"ELEVTYP_T":0},"geometry":{"type":"LineString","coordinates":[[-74.0471511493889,40.1179451417039],[-74.0459366880087,40.1171542149544]]}},{"type":"Feature","id":140861,"properties":{"OBJECTID":140861,"PRIMENAME":"Union Lane","ELEVTYP_F":0,"ELEVTYP_T":0},"geometry":{"type":"LineString","coordinates":[[-74.0532907253594,40.1081594163999],[-74.0528267459118,40.107871290798]]}},{"type":"Feature","id":141545,"properties":{"OBJECTID":141545,"PRIMENAME":"Union Avenue","ELEVTYP_F":0,"ELEVTYP_T":0},"geometry":{"type":"LineString","coordinates":[[-74.0574542357697,40.1119612834237],[-74.057225240158,40.1122233803115],[-74.0568248338839,40.1126884953493],[-74.0568235739577,40.1126899460401]]}},{"type":"Feature","id":143474,"properties":{"OBJECTID":143474,"PRIMENAME":"Colby Avenue","ELEVTYP_F":0,"ELEVTYP_T":0},"geometry":{"type":"LineString","coordinates":[[-74.0475376161514,40.121248559602],[-74.047497789517,40.1213278526502],[-74.0470665575981,40.1221862566789],[-74.0468812532499,40.1225551158208]]}},{"type":"Feature","id":143628,"properties":{"OBJECTID":143628,"PRIMENAME":"South McClellan Avenue","ELEVTYP_F":0,"ELEVTYP_T":0},"geometry":{"type":"LineString","coordinates":[[-74.0442488882871,40.1169696630546],[-74.0448190353917,40.1164615606067],[-74.0448438247105,40.1164394696021]]}},{"type":"Feature","id":143770,"properties":{"OBJECTID":143770,"PRIMENAME":"Riverview Drive","ELEVTYP_F":0,"ELEVTYP_T":0},"geometry":{"type":"LineString","coordinates":[[-74.0587056887917,40.1066421723472],[-74.0584372096721,40.1069427484115]]}},{"type":"Feature","id":144564,"properties":{"OBJECTID":144564,"PRIMENAME":"New York Avenue","ELEVTYP_F":0,"ELEVTYP_T":0},"geometry":{"type":"LineString","coordinates":[[-74.0588770092655,40.1310628687263],[-74.059839328383,40.1313986281791],[-74.0605293285712,40.1316411362163],[-74.0608351496662,40.1317486177142]]}},{"type":"Feature","id":144824,"properties":{"OBJECTID":144824,"PRIMENAME":"3rd Avenue","ELEVTYP_F":0,"ELEVTYP_T":0},"geometry":{"type":"LineString","coordinates":[[-74.0348701230277,40.1311879831751],[-74.0349563534902,40.1308626833442],[-74.0350061466003,40.130676729775]]}},{"type":"Feature","id":146796,"properties":{"OBJECTID":146796,"PRIMENAME":"Unnamed Segment","ELEVTYP_F":0,"ELEVTYP_T":0},"geometry":{"type":"LineString","coordinates":[[-74.0427313027132,40.1274317127118],[-74.0424510299935,40.1275872097058],[-74.0422736032595,40.12779762292],[-74.0420578453355,40.1279825516155],[-74.0419901388122,40.1280807413762]]}},{"type":"Feature","id":146926,"properties":{"OBJECTID":146926,"PRIMENAME":"Green Avenue","ELEVTYP_F":0,"ELEVTYP_T":0},"geometry":{"type":"LineString","coordinates":[[-74.0494842324375,40.1080272601929],[-74.0494700504151,40.1080290955743],[-74.0493705145814,40.1080668408099],[-74.0492770606714,40.1081093859781],[-74.0492008213584,40.1081855685338],[-74.0492006524987,40.1081857381067]]}},{"type":"Feature","id":146942,"properties":{"OBJECTID":146942,"PRIMENAME":"McLean Avenue","ELEVTYP_F":0,"ELEVTYP_T":0},"geometry":{"type":"LineString","coordinates":[[-74.0397359935047,40.1186703459533],[-74.0385869878013,40.117908730663],[-74.0384806187194,40.1178382190035]]}},{"type":"Feature","id":147963,"properties":{"OBJECTID":147963,"PRIMENAME":"Village Road","ELEVTYP_F":0,"ELEVTYP_T":0},"geometry":{"type":"LineString","coordinates":[[-74.0497268757052,40.1344978955338],[-74.0500114276756,40.134006056962],[-74.0501496566057,40.133763525362],[-74.0502878178562,40.1335257705535],[-74.0504448355758,40.1332594830264],[-74.0506206064866,40.1329694116088],[-74.0509158362617,40.1324510653158],[-74.0509473539046,40.1323957044499]]}},{"type":"Feature","id":148233,"properties":{"OBJECTID":148233,"PRIMENAME":"Crescent Place","ELEVTYP_F":0,"ELEVTYP_T":0},"geometry":{"type":"LineString","coordinates":[[-74.0427478976248,40.1313571690645],[-74.0428635461228,40.131375579877],[-74.0434077128778,40.1314619793687]]}},{"type":"Feature","id":148444,"properties":{"OBJECTID":148444,"PRIMENAME":"Baltimore Avenue","ELEVTYP_F":0,"ELEVTYP_T":0},"geometry":{"type":"LineString","coordinates":[[-74.0424300670031,40.1005982057412],[-74.0424404318543,40.1012122340848],[-74.0424459336777,40.1014850575238]]}},{"type":"Feature","id":149959,"properties":{"OBJECTID":149959,"PRIMENAME":"Mount Lane","ELEVTYP_F":0,"ELEVTYP_T":0},"geometry":{"type":"LineString","coordinates":[[-74.0497331362455,40.1171685430648],[-74.049368252526,40.1178750864599],[-74.0492740327558,40.1180575241523],[-74.0491763412376,40.1182470366538]]}},{"type":"Feature","id":150595,"properties":{"OBJECTID":150595,"PRIMENAME":"Lineris Lane","ELEVTYP_F":0,"ELEVTYP_T":0},"geometry":{"type":"LineString","coordinates":[[-74.0525984503662,40.132816853945],[-74.0526652076667,40.1327104302258],[-74.0536942744982,40.1310700796903],[-74.0538262245884,40.1308274923305]]}},{"type":"Feature","id":150650,"properties":{"OBJECTID":150650,"PRIMENAME":"North Main Street","ELEVTYP_F":0,"ELEVTYP_T":0},"geometry":{"type":"LineString","coordinates":[[-74.0530907317472,40.1277830349535],[-74.0531868174168,40.1276317284574],[-74.0534101715825,40.1272984085976],[-74.0535297795802,40.1271199125394],[-74.053782514504,40.1267427373168],[-74.0538076136469,40.1266999523735],[-74.0538141173532,40.1266570687631],[-74.0538020148403,40.1266046148361],[-74.0537404920517,40.1265185865693],[-74.053721985247,40.126494000391]]}},{"type":"Feature","id":151202,"properties":{"OBJECTID":151202,"PRIMENAME":"Riddle Way","ELEVTYP_F":0,"ELEVTYP_T":0},"geometry":{"type":"LineString","coordinates":[[-74.0354846133781,40.114015546574],[-74.0356134667363,40.1140686255976],[-74.0356150892921,40.1140692941084],[-74.0356393983918,40.1140793090416],[-74.0357958691204,40.1141948819872]]}},{"type":"Feature","id":151482,"properties":{"OBJECTID":151482,"PRIMENAME":"3rd Avenue","ELEVTYP_F":0,"ELEVTYP_T":0},"geometry":{"type":"LineString","coordinates":[[-74.0354444451021,40.1290391865695],[-74.0355871976604,40.1285059924684],[-74.0357320405419,40.1279647895202]]}},{"type":"Feature","id":151631,"properties":{"OBJECTID":151631,"PRIMENAME":"Muriel Place","ELEVTYP_F":0,"ELEVTYP_T":0},"geometry":{"type":"LineString","coordinates":[[-74.0520195197566,40.1319479544828],[-74.0519169623575,40.1319067900161],[-74.0508022271067,40.1314592445116],[-74.0506977110183,40.1314172751612]]}},{"type":"Feature","id":151632,"properties":{"OBJECTID":151632,"PRIMENAME":"South McClellan Avenue","ELEVTYP_F":0,"ELEVTYP_T":0},"geometry":{"type":"LineString","coordinates":[[-74.0448438247105,40.1164394696021],[-74.045379182563,40.1159624076021],[-74.0454340267214,40.1159099398715]]}},{"type":"Feature","id":151761,"properties":{"OBJECTID":151761,"PRIMENAME":"1st Avenue","ELEVTYP_F":0,"ELEVTYP_T":0},"geometry":{"type":"LineString","coordinates":[[-74.0346095563104,40.1084482138157],[-74.0346224626873,40.1083778570813]]}},{"type":"Feature","id":151963,"properties":{"OBJECTID":151963,"PRIMENAME":"The Crescent","ELEVTYP_F":0,"ELEVTYP_T":0},"geometry":{"type":"LineString","coordinates":[[-74.0329565073913,40.1290995287233],[-74.0329390355037,40.1289576499265],[-74.0329090039725,40.1288097768484],[-74.0328727479063,40.1286571023198],[-74.0328626101938,40.1286332599277]]}},{"type":"Feature","id":151964,"properties":{"OBJECTID":151964,"PRIMENAME":"Bennett Place","ELEVTYP_F":0,"ELEVTYP_T":0},"geometry":{"type":"LineString","coordinates":[[-74.0520298311954,40.1100693416291],[-74.0521255695699,40.1100983996992],[-74.0522184218396,40.1101368362072],[-74.0523050257419,40.1101848840516],[-74.0524411006537,40.1102568984729],[-74.0527811378268,40.110467925476],[-74.0528465884044,40.1105085335123]]}},{"type":"Feature","id":152039,"properties":{"OBJECTID":152039,"PRIMENAME":"Old Squan Road","ELEVTYP_F":0,"ELEVTYP_T":0},"geometry":{"type":"LineString","coordinates":[[-74.0487340163705,40.1318369996117],[-74.048782230075,40.1317611705769],[-74.0495842019744,40.1304993156201]]}},{"type":"Feature","id":152114,"properties":{"OBJECTID":152114,"PRIMENAME":"Green Avenue","ELEVTYP_F":0,"ELEVTYP_T":0},"geometry":{"type":"LineString","coordinates":[[-74.0517375637784,40.1080559306601],[-74.0516237608929,40.1080613095144],[-74.0511896295048,40.1080472742604]]}},{"type":"Feature","id":153097,"properties":{"OBJECTID":153097,"PRIMENAME":"The Crescent","ELEVTYP_F":0,"ELEVTYP_T":0},"geometry":{"type":"LineString","coordinates":[[-74.0312726581619,40.1271997498083],[-74.0311818144106,40.1271537272675],[-74.0309524073712,40.1271098897315],[-74.030546957646,40.1270426346968]]}},{"type":"Feature","id":154988,"properties":{"OBJECTID":154988,"PRIMENAME":"Washington Boulevard","ELEVTYP_F":0,"ELEVTYP_T":0},"geometry":{"type":"LineString","coordinates":[[-74.0354444451021,40.1290391865695],[-74.0350723592698,40.128980728681],[-74.0339045483289,40.1287951796968]]}},{"type":"Feature","id":155130,"properties":{"OBJECTID":155130,"PRIMENAME":"Euclid Avenue","ELEVTYP_F":0,"ELEVTYP_T":0},"geometry":{"type":"LineString","coordinates":[[-74.0381671676967,40.1138940056784],[-74.0382821532501,40.1139689446651]]}},{"type":"Feature","id":156210,"properties":{"OBJECTID":156210,"PRIMENAME":"Lebanon Drive","ELEVTYP_F":0,"ELEVTYP_T":0},"geometry":{"type":"LineString","coordinates":[[-74.0625480040442,40.1178117100003],[-74.0624419331397,40.1178751437233],[-74.0621678286728,40.1180390660027],[-74.0619806490897,40.1181813342351],[-74.061924397507,40.1182431103749],[-74.0618680850387,40.118314356982],[-74.0617990840067,40.1184236888466],[-74.061717705574,40.1185282785471],[-74.0615864449477,40.1186659795797],[-74.0615249159902,40.1187253198993]]}},{"type":"Feature","id":158239,"properties":{"OBJECTID":158239,"PRIMENAME":"South Street","ELEVTYP_F":0,"ELEVTYP_T":0},"geometry":{"type":"LineString","coordinates":[[-74.0590109246448,40.1180605817165],[-74.0591201681026,40.1179607664517],[-74.0599971972468,40.1171594267943]]}},{"type":"Feature","id":158355,"properties":{"OBJECTID":158355,"PRIMENAME":"Riverview Drive","ELEVTYP_F":0,"ELEVTYP_T":0},"geometry":{"type":"LineString","coordinates":[[-74.0596862648155,40.1055347412422],[-74.0596278586882,40.1055992535241]]}},{"type":"Feature","id":159381,"properties":{"OBJECTID":159381,"PRIMENAME":"East Main Street","ELEVTYP_F":0,"ELEVTYP_T":0},"geometry":{"type":"LineString","coordinates":[[-74.0451994205334,40.1197209492001],[-74.0455733745758,40.1199653484674]]}},{"type":"Feature","id":159754,"properties":{"OBJECTID":159754,"PRIMENAME":"Unnamed Segment","ELEVTYP_F":0,"ELEVTYP_T":0},"geometry":{"type":"LineString","coordinates":[[-74.0399844246302,40.1250291388068],[-74.0407884240096,40.1242991398302],[-74.0410614238047,40.1241531399863]]}},{"type":"Feature","id":159904,"properties":{"OBJECTID":159904,"PRIMENAME":"New Brunswick Avenue","ELEVTYP_F":0,"ELEVTYP_T":0},"geometry":{"type":"LineString","coordinates":[[-74.0617446080558,40.1302605723926],[-74.0610683241341,40.1300167274787],[-74.0605410041479,40.1298283218352],[-74.0598676049676,40.1295877197157],[-74.0597998112887,40.1295630840971]]}},{"type":"Feature","id":159995,"properties":{"OBJECTID":159995,"PRIMENAME":"Washington Boulevard","ELEVTYP_F":0,"ELEVTYP_T":0},"geometry":{"type":"LineString","coordinates":[[-74.0339045483289,40.1287951796968],[-74.0334411347098,40.1287215471139],[-74.0333108404762,40.1287067192533]]}},{"type":"Feature","id":160062,"properties":{"OBJECTID":160062,"PRIMENAME":"Warren Avenue","ELEVTYP_F":0,"ELEVTYP_T":0},"geometry":{"type":"LineString","coordinates":[[-74.0487952877331,40.1180048441801],[-74.0490957404192,40.1174692246636]]}},{"type":"Feature","id":160567,"properties":{"OBJECTID":160567,"PRIMENAME":"East Main Street","ELEVTYP_F":0,"ELEVTYP_T":0},"geometry":{"type":"LineString","coordinates":[[-74.0413480978502,40.1172085011539],[-74.0413489169,40.1172089979739],[-74.0420349839266,40.1176549687769],[-74.042737145304,40.1181125071152],[-74.0428835457467,40.1182079030325]]}},{"type":"Feature","id":160579,"properties":{"OBJECTID":160579,"PRIMENAME":"Channel Drive","ELEVTYP_F":0,"ELEVTYP_T":0},"geometry":{"type":"LineString","coordinates":[[-74.0424459336777,40.1014850575238],[-74.0420411465456,40.1014889754254],[-74.0405700685586,40.1015060183046],[-74.0404512103744,40.1015097746336]]}},{"type":"Feature","id":160906,"properties":{"OBJECTID":160906,"PRIMENAME":"Broad Street","ELEVTYP_F":0,"ELEVTYP_T":0},"geometry":{"type":"LineString","coordinates":[[-74.0506044480475,40.1249527598453],[-74.0504418570714,40.1251016931175],[-74.0498629920525,40.125641063972],[-74.0494244064965,40.1260464855297],[-74.0493604613795,40.1261062764385]]}},{"type":"Feature","id":161706,"properties":{"OBJECTID":161706,"PRIMENAME":"Lenape Trail","ELEVTYP_F":0,"ELEVTYP_T":0},"geometry":{"type":"LineString","coordinates":[[-74.060975410655,40.1221275462156],[-74.0609506669775,40.1221939158788],[-74.0607611479326,40.1227031911885],[-74.0607259027552,40.1227953274364]]}},{"type":"Feature","id":161720,"properties":{"OBJECTID":161720,"PRIMENAME":"Brielle Road","ELEVTYP_F":0,"ELEVTYP_T":0},"geometry":{"type":"LineString","coordinates":[[-74.0370033561711,40.110600460577],[-74.0360882878768,40.1104635701647]]}},{"type":"Feature","id":161923,"properties":{"OBJECTID":161923,"PRIMENAME":"Curtis Place","ELEVTYP_F":0,"ELEVTYP_T":0},"geometry":{"type":"LineString","coordinates":[[-74.0464783767202,40.128048879467],[-74.0461732483522,40.1286014380941]]}},{"type":"Feature","id":162594,"properties":{"OBJECTID":162594,"PRIMENAME":"Philadelphia Boulevard","ELEVTYP_F":0,"ELEVTYP_T":0},"geometry":{"type":"LineString","coordinates":[[-74.032290174297,40.1318468667393],[-74.0330922379654,40.1319752344192],[-74.0345984364218,40.1322122858637]]}},{"type":"Feature","id":162631,"properties":{"OBJECTID":162631,"PRIMENAME":"Unnamed Segment","ELEVTYP_F":0,"ELEVTYP_T":0},"geometry":{"type":"LineString","coordinates":[[-74.0333124224109,40.1221271390281],[-74.0334349676797,40.1216375289794],[-74.0335254222502,40.1212761381814],[-74.0335694201931,40.1211191384511],[-74.0336554224153,40.1207611395837],[-74.033826421582,40.1200981393267],[-74.0339994202129,40.1194691377855]]}},{"type":"Feature","id":162873,"properties":{"OBJECTID":162873,"PRIMENAME":"Jefferson Avenue","ELEVTYP_F":0,"ELEVTYP_T":0},"geometry":{"type":"LineString","coordinates":[[-74.058506807273,40.1316811806887],[-74.058081336584,40.1315158556898]]}},{"type":"Feature","id":162999,"properties":{"OBJECTID":162999,"PRIMENAME":"Newark Avenue","ELEVTYP_F":0,"ELEVTYP_T":0},"geometry":{"type":"LineString","coordinates":[[-74.0532995801776,40.1295658116227],[-74.0533422448176,40.1295006377697],[-74.0541387686949,40.1282835612101],[-74.0541804925831,40.128219893859]]}},{"type":"Feature","id":163234,"properties":{"OBJECTID":163234,"PRIMENAME":"Taylor Avenue","ELEVTYP_F":0,"ELEVTYP_T":0},"geometry":{"type":"LineString","coordinates":[[-74.048739505411,40.1220292343065],[-74.0485761302977,40.1221891431509],[-74.0482726615193,40.1224650974528],[-74.0479741764184,40.1227334659002],[-74.0477842440953,40.1228984029565],[-74.047730457328,40.122945110568],[-74.047088789037,40.1235120320609],[-74.0465416183496,40.1239995975452],[-74.046098799824,40.1244002677377],[-74.0459743516023,40.1245288365061],[-74.0458858330368,40.1246296589908]]}},{"type":"Feature","id":163415,"properties":{"OBJECTID":163415,"PRIMENAME":"Mueller Lane","ELEVTYP_F":0,"ELEVTYP_T":0},"geometry":{"type":"LineString","coordinates":[[-74.0546632830826,40.1333743104896],[-74.0547230461414,40.1332760116915],[-74.0552000647709,40.1324914281341],[-74.0553325516196,40.1322739387589],[-74.055388349815,40.1321823452826]]}},{"type":"Feature","id":163572,"properties":{"OBJECTID":163572,"PRIMENAME":"North Farragut Avenue","ELEVTYP_F":0,"ELEVTYP_T":0},"geometry":{"type":"LineString","coordinates":[[-74.042355911285,40.120375867903],[-74.042263737843,40.1204589054078],[-74.0415511166725,40.1211136949687]]}},{"type":"Feature","id":163982,"properties":{"OBJECTID":163982,"PRIMENAME":"FR RT 35 NB to EVERGREEN AVE","ELEVTYP_F":0,"ELEVTYP_T":0},"geometry":{"type":"LineString","coordinates":[[-74.0552008215622,40.1065883545956],[-74.0553498984981,40.1068644738282],[-74.0554862292304,40.1070503867952],[-74.05566566835,40.1072982900576],[-74.0556791133651,40.1073420745777],[-74.0556818764583,40.1073789269498],[-74.0556783427569,40.1074219329904],[-74.0556645287511,40.1074734363208],[-74.0556390705493,40.1075122943416],[-74.0556138258802,40.1075401449583],[-74.05556974507,40.1075672919121],[-74.0555229806726,40.1075835842586],[-74.0554726628568,40.1075911055522],[-74.0554290459876,40.1075909381456]]}},{"type":"Feature","id":164023,"properties":{"OBJECTID":164023,"PRIMENAME":"Pike Avenue","ELEVTYP_F":0,"ELEVTYP_T":0},"geometry":{"type":"LineString","coordinates":[[-74.0367500309828,40.1067692839526],[-74.0366450685449,40.1067577451026],[-74.03556586037,40.1066390263011],[-74.0354563248504,40.1066269744598]]}},{"type":"Feature","id":164412,"properties":{"OBJECTID":164412,"PRIMENAME":"Lakewood Road","ELEVTYP_F":0,"ELEVTYP_T":0},"geometry":{"type":"LineString","coordinates":[[-74.0569841300929,40.1216087772946],[-74.0576912090196,40.1220410920203],[-74.0578025566324,40.1221034781413],[-74.0578703022703,40.122139893042]]}},{"type":"Feature","id":164471,"properties":{"OBJECTID":164471,"PRIMENAME":"Perry Place","ELEVTYP_F":0,"ELEVTYP_T":0},"geometry":{"type":"LineString","coordinates":[[-74.0504401007421,40.112060087699],[-74.0504409422024,40.1123557876985],[-74.0504264637188,40.1126702877199],[-74.0504127031514,40.1128703941551],[-74.0503846289391,40.1130885920738]]}},{"type":"Feature","id":164572,"properties":{"OBJECTID":164572,"PRIMENAME":"Perrine Boulevard","ELEVTYP_F":0,"ELEVTYP_T":0},"geometry":{"type":"LineString","coordinates":[[-74.0388809014437,40.113771658445],[-74.0388260149465,40.1137774574033],[-74.0386892362697,40.1138054915077],[-74.0385212965842,40.1138572578019],[-74.0382821532501,40.1139689446651]]}},{"type":"Feature","id":164630,"properties":{"OBJECTID":164630,"PRIMENAME":"Perry Place","ELEVTYP_F":0,"ELEVTYP_T":0},"geometry":{"type":"LineString","coordinates":[[-74.0502685895501,40.1140184960759],[-74.0502187364503,40.114046909224],[-74.0501566967694,40.1140418910331],[-74.0499397601352,40.1139933901711],[-74.049899511907,40.1139832541471]]}},{"type":"Feature","id":164654,"properties":{"OBJECTID":164654,"PRIMENAME":"3rd Avenue","ELEVTYP_F":0,"ELEVTYP_T":0},"geometry":{"type":"LineString","coordinates":[[-74.0353055349446,40.1147912989549],[-74.0352930415768,40.1148070991206],[-74.0352058918531,40.1148401324827],[-74.0351250291716,40.1148636374254],[-74.0350318885888,40.1148680128651],[-74.0348954373532,40.1148579384214],[-74.0345356318539,40.1148136112532],[-74.0344302380244,40.1148006140485]]}},{"type":"Feature","id":164681,"properties":{"OBJECTID":164681,"PRIMENAME":"6th Avenue","ELEVTYP_F":0,"ELEVTYP_T":0},"geometry":{"type":"LineString","coordinates":[[-74.0405602858994,40.1320868021577],[-74.0405295175207,40.1322051399251],[-74.0402942381761,40.1331092184963]]}},{"type":"Feature","id":164770,"properties":{"OBJECTID":164770,"PRIMENAME":"Philadelphia Boulevard","ELEVTYP_F":0,"ELEVTYP_T":0},"geometry":{"type":"LineString","coordinates":[[-74.0305191284251,40.1315658303207],[-74.0310453933339,40.1316476317208],[-74.032290174297,40.1318468667393]]}},{"type":"Feature","id":164889,"properties":{"OBJECTID":164889,"PRIMENAME":"Broad Street","ELEVTYP_F":0,"ELEVTYP_T":0},"geometry":{"type":"LineString","coordinates":[[-74.0514446311823,40.1241775712201],[-74.0512557005656,40.1243562343629],[-74.0506044480475,40.1249527598453]]}},{"type":"Feature","id":165049,"properties":{"OBJECTID":165049,"PRIMENAME":"4th Avenue","ELEVTYP_F":0,"ELEVTYP_T":0},"geometry":{"type":"LineString","coordinates":[[-74.0368535243408,40.111467844433],[-74.0369909638167,40.1106721184],[-74.0370033561711,40.110600460577]]}},{"type":"Feature","id":165483,"properties":{"OBJECTID":165483,"PRIMENAME":"Stockton Lake Boulevard","ELEVTYP_F":0,"ELEVTYP_T":0},"geometry":{"type":"LineString","coordinates":[[-74.0400609248104,40.1207626759721],[-74.0401504923518,40.1208175249618],[-74.0404408738004,40.1210283915675],[-74.0407125944707,40.1212439588776],[-74.0409472526578,40.1214355230717],[-74.0410550130324,40.1215397227133]]}},{"type":"Feature","id":165830,"properties":{"OBJECTID":165830,"PRIMENAME":"Atlantic Avenue","ELEVTYP_F":0,"ELEVTYP_T":0},"geometry":{"type":"LineString","coordinates":[[-74.0552899413531,40.1286727404189],[-74.0548911400302,40.1285075069625],[-74.0545474726959,40.1283667793007],[-74.0541804925831,40.128219893859]]}},{"type":"Feature","id":165877,"properties":{"OBJECTID":165877,"PRIMENAME":"Sherwood Drive","ELEVTYP_F":0,"ELEVTYP_T":0},"geometry":{"type":"LineString","coordinates":[[-74.0603138700445,40.1176813311552],[-74.0603753798691,40.1177749046717],[-74.0605167791988,40.1179899039455],[-74.0606091249769,40.1181094278499],[-74.0606163955659,40.1181186622573],[-74.0606768702068,40.1181954752966],[-74.0607247833564,40.1182349702258]]}},{"type":"Feature","id":165883,"properties":{"OBJECTID":165883,"PRIMENAME":"Old Bridge Road","ELEVTYP_F":0,"ELEVTYP_T":0},"geometry":{"type":"LineString","coordinates":[[-74.0579386480488,40.1186103309356],[-74.0579126224242,40.118620416565],[-74.0576918117721,40.1187196668465],[-74.0575565344554,40.1187915716823],[-74.0574346479785,40.118877362982],[-74.0572971467436,40.119012060314],[-74.0572627719379,40.1190457343977],[-74.0572339012933,40.1190727842449]]}},{"type":"Feature","id":165946,"properties":{"OBJECTID":165946,"PRIMENAME":"Camp Drive","ELEVTYP_F":0,"ELEVTYP_T":0},"geometry":{"type":"LineString","coordinates":[[-74.0435037963242,40.1272812474311],[-74.0434643539183,40.1273583455408],[-74.0434230811423,40.127444192883],[-74.0433679668378,40.1275515363326],[-74.0433146488518,40.1276628966884],[-74.0432692735325,40.1277499941563]]}},{"type":"Feature","id":165976,"properties":{"OBJECTID":165976,"PRIMENAME":"Euclid Avenue","ELEVTYP_F":0,"ELEVTYP_T":0},"geometry":{"type":"LineString","coordinates":[[-74.0382821532501,40.1139689446651],[-74.0388655945779,40.1143495433549],[-74.0390497212609,40.1144690112087]]}},{"type":"Feature","id":166846,"properties":{"OBJECTID":166846,"PRIMENAME":"Crescent Place","ELEVTYP_F":0,"ELEVTYP_T":0},"geometry":{"type":"LineString","coordinates":[[-74.0434077128778,40.1314619793687],[-74.0459400645504,40.1318642660423],[-74.0460343497877,40.13187924028]]}},{"type":"Feature","id":167003,"properties":{"OBJECTID":167003,"PRIMENAME":"Fisk Avenue","ELEVTYP_F":0,"ELEVTYP_T":0},"geometry":{"type":"LineString","coordinates":[[-74.0503846289391,40.1130885920738],[-74.0501881362776,40.1130363548211],[-74.0482608644688,40.1125379385255],[-74.0478235159165,40.1124276927222]]}},{"type":"Feature","id":167558,"properties":{"OBJECTID":167558,"PRIMENAME":"Stockton Lake Boulevard","ELEVTYP_F":0,"ELEVTYP_T":0},"geometry":{"type":"LineString","coordinates":[[-74.0459029043992,40.1256566536314],[-74.0462197345339,40.125865000049],[-74.0462861772073,40.1259087184521]]}},{"type":"Feature","id":167817,"properties":{"OBJECTID":167817,"PRIMENAME":"Beach Front","ELEVTYP_F":0,"ELEVTYP_T":0},"geometry":{"type":"LineString","coordinates":[[-74.0343251738326,40.1059415090225],[-74.0347112110246,40.1037413746752]]}},{"type":"Feature","id":168667,"properties":{"OBJECTID":168667,"PRIMENAME":"4th Avenue","ELEVTYP_F":0,"ELEVTYP_T":0},"geometry":{"type":"LineString","coordinates":[[-74.0364236004756,40.1137013760059],[-74.0364997852752,40.1135346286267],[-74.0365036633224,40.1135118513513]]}},{"type":"Feature","id":168760,"properties":{"OBJECTID":168760,"PRIMENAME":"Stockton Lake Boulevard","ELEVTYP_F":0,"ELEVTYP_T":0},"geometry":{"type":"LineString","coordinates":[[-74.0431497749884,40.1238169375382],[-74.0432217345282,40.1238800334099],[-74.043598722412,40.1241436408833],[-74.0438583074841,40.124316244234],[-74.0441879507156,40.1245319224433]]}},{"type":"Feature","id":169326,"properties":{"OBJECTID":169326,"PRIMENAME":"Euclid Avenue","ELEVTYP_F":0,"ELEVTYP_T":0},"geometry":{"type":"LineString","coordinates":[[-74.0436789948877,40.1174859238604],[-74.0447799207036,40.1181989824546]]}},{"type":"Feature","id":169641,"properties":{"OBJECTID":169641,"PRIMENAME":"Riddle Way","ELEVTYP_F":0,"ELEVTYP_T":0},"geometry":{"type":"LineString","coordinates":[[-74.0345834997317,40.1139077726321],[-74.0354289538607,40.1139926476263],[-74.0354846133781,40.114015546574]]}},{"type":"Feature","id":169681,"properties":{"OBJECTID":169681,"PRIMENAME":"Unnamed Segment","ELEVTYP_F":0,"ELEVTYP_T":0},"geometry":{"type":"LineString","coordinates":[[-74.0484452629472,40.1078655478901],[-74.0485192632768,40.1077803475136],[-74.0486107055981,40.1076797592486],[-74.048698220698,40.1075913806531]]}},{"type":"Feature","id":170435,"properties":{"OBJECTID":170435,"PRIMENAME":"Union Avenue","ELEVTYP_F":0,"ELEVTYP_T":0},"geometry":{"type":"LineString","coordinates":[[-74.0539359456545,40.1160328774916],[-74.0537777431796,40.1162151328355],[-74.0533635033064,40.1166936294744]]}},{"type":"Feature","id":170541,"properties":{"OBJECTID":170541,"PRIMENAME":"Baltimore Boulevard","ELEVTYP_F":0,"ELEVTYP_T":0},"geometry":{"type":"LineString","coordinates":[[-74.0320201986039,40.1328712799875],[-74.0302234920449,40.1325887906347]]}},{"type":"Feature","id":170560,"properties":{"OBJECTID":170560,"PRIMENAME":"Ocean Avenue","ELEVTYP_F":0,"ELEVTYP_T":0},"geometry":{"type":"LineString","coordinates":[[-74.0334137735537,40.1153768525147],[-74.0335198396017,40.1153909792106],[-74.0342206862227,40.1154843675434],[-74.0343012424749,40.115500778652]]}},{"type":"Feature","id":170583,"properties":{"OBJECTID":170583,"PRIMENAME":"Cresent Parkway","ELEVTYP_F":0,"ELEVTYP_T":0},"geometry":{"type":"LineString","coordinates":[[-74.0414591992005,40.131388366756],[-74.041305138136,40.1313645856373],[-74.0407964354822,40.1312863329911],[-74.0407034971261,40.1312573866094],[-74.0406293847928,40.1311998802617],[-74.0405553687022,40.1311280992957],[-74.0404812200715,40.1310706206296],[-74.0404202490999,40.1310390636786],[-74.0404069796147,40.1310321937358],[-74.0403264526879,40.1310032683846],[-74.0399046680862,40.1309348554104],[-74.0390605200455,40.1308048857689]]}},{"type":"Feature","id":170602,"properties":{"OBJECTID":170602,"PRIMENAME":"Central Avenue","ELEVTYP_F":0,"ELEVTYP_T":0},"geometry":{"type":"LineString","coordinates":[[-74.0550447110541,40.1256223794461],[-74.0547546023403,40.1258475320806],[-74.0545737385081,40.1259755356017],[-74.0543928067924,40.126108260871],[-74.0542058742907,40.1262123848954],[-74.0540001481241,40.1263355424885],[-74.0538007422025,40.1264491434687],[-74.053721985247,40.126494000391]]}},{"type":"Feature","id":171001,"properties":{"OBJECTID":171001,"PRIMENAME":"Ridge Avenue","ELEVTYP_F":0,"ELEVTYP_T":0},"geometry":{"type":"LineString","coordinates":[[-74.0543946605774,40.1300085632135],[-74.0544720741775,40.1300429510897]]}},{"type":"Feature","id":171296,"properties":{"OBJECTID":171296,"PRIMENAME":"2nd Avenue","ELEVTYP_F":0,"ELEVTYP_T":0},"geometry":{"type":"LineString","coordinates":[[-74.0338311443359,40.1173648125447],[-74.033752572143,40.1176701298849],[-74.0335356666614,40.1185224129591]]}},{"type":"Feature","id":171427,"properties":{"OBJECTID":171427,"PRIMENAME":"Blakey Avenue","ELEVTYP_F":0,"ELEVTYP_T":0},"geometry":{"type":"LineString","coordinates":[[-74.0449476368764,40.1282011144847],[-74.0450924514352,40.1282483803404],[-74.0461732483522,40.1286014380941]]}},{"type":"Feature","id":171643,"properties":{"OBJECTID":171643,"PRIMENAME":"South Street","ELEVTYP_F":0,"ELEVTYP_T":0},"geometry":{"type":"LineString","coordinates":[[-74.0572339012933,40.1190727842449],[-74.0571960078742,40.1191082876621]]}},{"type":"Feature","id":171683,"properties":{"OBJECTID":171683,"PRIMENAME":"Minerva Avenue","ELEVTYP_F":0,"ELEVTYP_T":0},"geometry":{"type":"LineString","coordinates":[[-74.0447805230617,40.1206986064173],[-74.044058036445,40.1213667703446],[-74.0439832985482,40.1214362063265]]}},{"type":"Feature","id":171709,"properties":{"OBJECTID":171709,"PRIMENAME":"Newark Avenue","ELEVTYP_F":0,"ELEVTYP_T":0},"geometry":{"type":"LineString","coordinates":[[-74.0621029217841,40.129644455732],[-74.0620625614343,40.1297140612012],[-74.0617740304195,40.1302123934875],[-74.0617446080558,40.1302605723926]]}},{"type":"Feature","id":171717,"properties":{"OBJECTID":171717,"PRIMENAME":"Harris Avenue","ELEVTYP_F":0,"ELEVTYP_T":0},"geometry":{"type":"LineString","coordinates":[[-74.0563364079744,40.1132556719256],[-74.0575758662336,40.1138941659334],[-74.0587699784986,40.1145039779433],[-74.0588637801539,40.1145518564372]]}},{"type":"Feature","id":171870,"properties":{"OBJECTID":171870,"PRIMENAME":"East Main Street","ELEVTYP_F":0,"ELEVTYP_T":0},"geometry":{"type":"LineString","coordinates":[[-74.0374705931287,40.1144857480664],[-74.0381280228623,40.1149815375484]]}},{"type":"Feature","id":172260,"properties":{"OBJECTID":172260,"PRIMENAME":"South Potter Avenue","ELEVTYP_F":0,"ELEVTYP_T":0},"geometry":{"type":"LineString","coordinates":[[-74.0426487898682,40.114087434267],[-74.0425479554714,40.1141782621732],[-74.0420527040455,40.1146242555888]]}},{"type":"Feature","id":172602,"properties":{"OBJECTID":172602,"PRIMENAME":"Brielle Avenue","ELEVTYP_F":0,"ELEVTYP_T":0},"geometry":{"type":"LineString","coordinates":[[-74.0528465884044,40.1105085335123],[-74.0521498520419,40.1111433531149],[-74.0519687138615,40.1113083899797],[-74.0515931733428,40.1116631119571]]}},{"type":"Feature","id":172810,"properties":{"OBJECTID":172810,"PRIMENAME":"5th Avenue","ELEVTYP_F":0,"ELEVTYP_T":0},"geometry":{"type":"LineString","coordinates":[[-74.0393711037441,40.129655321897],[-74.039475063122,40.1292698026419],[-74.0396605901604,40.1285833652868]]}},{"type":"Feature","id":173151,"properties":{"OBJECTID":173151,"PRIMENAME":"South McClellan Avenue","ELEVTYP_F":0,"ELEVTYP_T":0},"geometry":{"type":"LineString","coordinates":[[-74.0428835457467,40.1182079030325],[-74.0436789948877,40.1174859238604]]}},{"type":"Feature","id":173230,"properties":{"OBJECTID":173230,"PRIMENAME":"Trenton Boulevard","ELEVTYP_F":0,"ELEVTYP_T":0},"geometry":{"type":"LineString","coordinates":[[-74.0396605901604,40.1285833652868],[-74.0378678643806,40.1283007355798]]}},{"type":"Feature","id":173480,"properties":{"OBJECTID":173480,"PRIMENAME":"3rd Avenue","ELEVTYP_F":0,"ELEVTYP_T":0},"geometry":{"type":"LineString","coordinates":[[-74.0361767220575,40.1098930935753],[-74.0360882878768,40.1104635701647]]}},{"type":"Feature","id":173625,"properties":{"OBJECTID":173625,"PRIMENAME":"2nd Avenue","ELEVTYP_F":0,"ELEVTYP_T":0},"geometry":{"type":"LineString","coordinates":[[-74.0325600099445,40.1308261043785],[-74.0326745172853,40.1304102700651],[-74.0327201761233,40.1302444274915],[-74.0327830818293,40.1300159352945]]}},{"type":"Feature","id":173714,"properties":{"OBJECTID":173714,"PRIMENAME":"Longstreet Avenue","ELEVTYP_F":0,"ELEVTYP_T":0},"geometry":{"type":"LineString","coordinates":[[-74.0553961302039,40.1106860042939],[-74.0559803408331,40.1110521630722],[-74.0568274085649,40.1115701514954],[-74.057365278664,40.111905817779],[-74.0574542357697,40.1119612834237]]}},{"type":"Feature","id":174529,"properties":{"OBJECTID":174529,"PRIMENAME":"South Jackson Avenue","ELEVTYP_F":0,"ELEVTYP_T":0},"geometry":{"type":"LineString","coordinates":[[-74.0413480978502,40.1172085011539],[-74.0420788702276,40.1165499399737],[-74.0421466151584,40.1164883558221]]}},{"type":"Feature","id":174789,"properties":{"OBJECTID":174789,"PRIMENAME":"Channel Drive","ELEVTYP_F":0,"ELEVTYP_T":0},"geometry":{"type":"LineString","coordinates":[[-74.0465743446183,40.101197194252],[-74.045811688836,40.1012035680088],[-74.0456180180548,40.101205663612],[-74.0455397431587,40.10121392118],[-74.0454577282841,40.1012307574968],[-74.0453681660593,40.101259012796],[-74.0452972097705,40.1012901953524],[-74.0451700928259,40.1013640391755],[-74.0450879080375,40.1014008878819],[-74.0449946274723,40.1014291273865],[-74.0448976480598,40.1014544700765],[-74.044793311605,40.1014626526593],[-74.044651779409,40.1014678067234],[-74.0444581364235,40.1014656177168]]}},{"type":"Feature","id":174847,"properties":{"OBJECTID":174847,"PRIMENAME":"Leslie Avenue","ELEVTYP_F":0,"ELEVTYP_T":0},"geometry":{"type":"LineString","coordinates":[[-74.0500141107973,40.1093037959407],[-74.0496483355245,40.1096688454417]]}},{"type":"Feature","id":175094,"properties":{"OBJECTID":175094,"PRIMENAME":"Fletcher Avenue","ELEVTYP_F":0,"ELEVTYP_T":0},"geometry":{"type":"LineString","coordinates":[[-74.0447805230617,40.1206986064173],[-74.0452092262873,40.1209757268794],[-74.0457284819637,40.1213113726934],[-74.0458432071622,40.1213855339039]]}},{"type":"Feature","id":175361,"properties":{"OBJECTID":175361,"PRIMENAME":"Brielle Road","ELEVTYP_F":0,"ELEVTYP_T":0},"geometry":{"type":"LineString","coordinates":[[-74.0351934331273,40.1103253800968],[-74.0348281319263,40.1102673053046],[-74.0342948501995,40.1101841481207]]}},{"type":"Feature","id":175505,"properties":{"OBJECTID":175505,"PRIMENAME":"Union Avenue","ELEVTYP_F":0,"ELEVTYP_T":0},"geometry":{"type":"LineString","coordinates":[[-74.0580376502754,40.1112883309878],[-74.0580372177446,40.1112888238151],[-74.0575789106186,40.111818536813],[-74.0574542357697,40.1119612834237]]}},{"type":"Feature","id":175816,"properties":{"OBJECTID":175816,"PRIMENAME":"Center Street","ELEVTYP_F":0,"ELEVTYP_T":0},"geometry":{"type":"LineString","coordinates":[[-74.0546675770277,40.1114504079003],[-74.0553492573774,40.1107351847722],[-74.0553961302039,40.1106860042939]]}},{"type":"Feature","id":175893,"properties":{"OBJECTID":175893,"PRIMENAME":"2nd Avenue","ELEVTYP_F":0,"ELEVTYP_T":0},"geometry":{"type":"LineString","coordinates":[[-74.0328598362536,40.1298325574734],[-74.0328435087522,40.1298745355771],[-74.0328054107787,40.1299724844735],[-74.0327830818293,40.1300159352945]]}},{"type":"Feature","id":177142,"properties":{"OBJECTID":177142,"PRIMENAME":"Stockton Boulevard","ELEVTYP_F":0,"ELEVTYP_T":0},"geometry":{"type":"LineString","coordinates":[[-74.0381517732694,40.1272786420169],[-74.0377070291179,40.1272085370607],[-74.0360061610165,40.1269403553135]]}},{"type":"Feature","id":177243,"properties":{"OBJECTID":177243,"PRIMENAME":"Sea Girt Avenue","ELEVTYP_F":0,"ELEVTYP_T":0},"geometry":{"type":"LineString","coordinates":[[-74.0312632901617,40.1233832626893],[-74.0321318766945,40.1235162655786],[-74.0322524120252,40.1235343500565]]}},{"type":"Feature","id":177669,"properties":{"OBJECTID":177669,"PRIMENAME":"East Main Street","ELEVTYP_F":0,"ELEVTYP_T":0},"geometry":{"type":"LineString","coordinates":[[-74.0428835457467,40.1182079030325],[-74.0439264117476,40.1188873304144],[-74.0439737645974,40.11891834648]]}},{"type":"Feature","id":178667,"properties":{"OBJECTID":178667,"PRIMENAME":"3rd Avenue","ELEVTYP_F":0,"ELEVTYP_T":0},"geometry":{"type":"LineString","coordinates":[[-74.0369772405527,40.1055035361668],[-74.036931315363,40.1057436770066],[-74.0368620946538,40.1061344684097]]}},{"type":"Feature","id":178883,"properties":{"OBJECTID":178883,"PRIMENAME":"North Main Street","ELEVTYP_F":0,"ELEVTYP_T":0},"geometry":{"type":"LineString","coordinates":[[-74.0511595122679,40.1307163253523],[-74.0513806093293,40.1303795665557],[-74.0517283430527,40.1298523838341],[-74.0521770817582,40.1291720562143],[-74.0522166364906,40.1291120875165]]}},{"type":"Feature","id":178950,"properties":{"OBJECTID":178950,"PRIMENAME":"Minnesink Road","ELEVTYP_F":0,"ELEVTYP_T":0},"geometry":{"type":"LineString","coordinates":[[-74.0602018554684,40.1241225021418],[-74.0599886469728,40.1240776577434],[-74.0595980790647,40.1239856326143],[-74.0595810197022,40.1239819749044]]}},{"type":"Feature","id":179490,"properties":{"OBJECTID":179490,"PRIMENAME":"Unnamed Segment","ELEVTYP_F":0,"ELEVTYP_T":0},"geometry":{"type":"LineString","coordinates":[[-74.0414234241749,40.1126181369101],[-74.0412214246037,40.1126651364394],[-74.0411874251502,40.1126801369141],[-74.0411504241345,40.1127221371088],[-74.0411444226768,40.1127481378002],[-74.0411524253205,40.1127771374191],[-74.0411724228918,40.1128101376739],[-74.0411954226522,40.1128291369202],[-74.0412384234768,40.1128441370735],[-74.0412854239114,40.1128461372151],[-74.0413134234035,40.1128431371301],[-74.0414924249512,40.1127631370775]]}},{"type":"Feature","id":179654,"properties":{"OBJECTID":179654,"PRIMENAME":"Perrine Boulevard","ELEVTYP_F":0,"ELEVTYP_T":0},"geometry":{"type":"LineString","coordinates":[[-74.0461491881277,40.115251840922],[-74.046055511393,40.1150785751596],[-74.0458777986983,40.114734715706],[-74.0457427966991,40.1144958671062],[-74.0456261115998,40.1143095246222],[-74.0455154223611,40.1141518122791],[-74.0453675074968,40.1139891494429],[-74.0451761186682,40.1138311469894],[-74.0451242751434,40.1137984663989]]}},{"type":"Feature","id":180636,"properties":{"OBJECTID":180636,"PRIMENAME":"Isham Circle","ELEVTYP_F":0,"ELEVTYP_T":0},"geometry":{"type":"LineString","coordinates":[[-74.0620292888162,40.1048073336308],[-74.0622029652877,40.1049420163814],[-74.0623142642788,40.1050139796594],[-74.0625166721769,40.1051294462158],[-74.062524466143,40.1051338926338],[-74.062598544137,40.1052009377923],[-74.0626846556046,40.1053203817985],[-74.0628199738666,40.1055163034541],[-74.0629430955647,40.1056740473485],[-74.0630231156506,40.1057792201083],[-74.0630786836209,40.1058223385667],[-74.0631655342222,40.1058321648211],[-74.0632214082919,40.105827626201],[-74.0632694164196,40.1057840193254],[-74.0632841181243,40.1057325184104],[-74.0632235114669,40.1054987736026],[-74.0630047941509,40.1047592141109],[-74.0629865697631,40.1047018786251],[-74.0629309966159,40.104654037782],[-74.0626898130537,40.1045149283652],[-74.0626092467072,40.1044955448532],[-74.0625160852973,40.1044999693714],[-74.0624289724484,40.1045425221284],[-74.062264771099,40.1046513156289],[-74.0620292888162,40.1048073336308]]}},{"type":"Feature","id":180982,"properties":{"OBJECTID":180982,"PRIMENAME":"South Potter Avenue","ELEVTYP_F":0,"ELEVTYP_T":0},"geometry":{"type":"LineString","coordinates":[[-74.041476468316,40.1151431440241],[-74.0410302721364,40.115544907979],[-74.0408948217368,40.115667579734]]}},{"type":"Feature","id":180984,"properties":{"OBJECTID":180984,"PRIMENAME":"Union Lane","ELEVTYP_F":0,"ELEVTYP_T":0},"geometry":{"type":"LineString","coordinates":[[-74.0619545745717,40.1135043145741],[-74.0608086328769,40.1128107098778]]}},{"type":"Feature","id":181045,"properties":{"OBJECTID":181045,"PRIMENAME":"FR RAMP A101500 to RT 71 SB","ELEVTYP_F":0,"ELEVTYP_T":0},"geometry":{"type":"LineString","coordinates":[[-74.058290511651,40.1103483429627],[-74.058303121545,40.1103569119369],[-74.0583160878652,40.1103651613617],[-74.0583293968825,40.1103730825022],[-74.0583430345047,40.1103806669712],[-74.0583569862918,40.1103879067379],[-74.0583712374713,40.1103947941365],[-74.0583857729533,40.1104013218744],[-74.0584005773472,40.1104074830396],[-74.0584265367319,40.1104171733098],[-74.0584531594092,40.110425737168],[-74.0584803625512,40.1104331479706],[-74.0585080615241,40.1104393826612],[-74.0585356211612,40.1104420469855],[-74.0585632573429,40.1104441935788],[-74.0585909535739,40.11044582116],[-74.0586186933232,40.1104469287575],[-74.0586557196594,40.1104475947112],[-74.0586927546008,40.110447334363]]}},{"type":"Feature","id":181352,"properties":{"OBJECTID":181352,"PRIMENAME":"James Place","ELEVTYP_F":0,"ELEVTYP_T":0},"geometry":{"type":"LineString","coordinates":[[-74.0524603197753,40.1312246821832],[-74.052356401997,40.1311840613619],[-74.0512477688645,40.1307508195493],[-74.0511595122679,40.1307163253523]]}},{"type":"Feature","id":182025,"properties":{"OBJECTID":182025,"PRIMENAME":"Saint Louis Avenue","ELEVTYP_F":0,"ELEVTYP_T":0},"geometry":{"type":"LineString","coordinates":[[-74.0465709776959,40.1005571672836],[-74.0465771178416,40.1007794238668],[-74.0465743446183,40.101197194252]]}},{"type":"Feature","id":182243,"properties":{"OBJECTID":182243,"PRIMENAME":"Bell Place","ELEVTYP_F":0,"ELEVTYP_T":0},"geometry":{"type":"LineString","coordinates":[[-74.0422449894775,40.1323501038157],[-74.0422106194268,40.1324405903346],[-74.0419589188966,40.1333779317947]]}},{"type":"Feature","id":182483,"properties":{"OBJECTID":182483,"PRIMENAME":"North Jackson Avenue","ELEVTYP_F":0,"ELEVTYP_T":0},"geometry":{"type":"LineString","coordinates":[[-74.0397359935047,40.1186703459533],[-74.0404861280902,40.1179925459487],[-74.0405498117476,40.1179344881382]]}},{"type":"Feature","id":182894,"properties":{"OBJECTID":182894,"PRIMENAME":"South Street","ELEVTYP_F":0,"ELEVTYP_T":0},"geometry":{"type":"LineString","coordinates":[[-74.0527849271856,40.1233444129951],[-74.0525328166626,40.1235834333364]]}},{"type":"Feature","id":183311,"properties":{"OBJECTID":183311,"PRIMENAME":"2nd Avenue","ELEVTYP_F":0,"ELEVTYP_T":0},"geometry":{"type":"LineString","coordinates":[[-74.033954964289,40.1255785520495],[-74.0338026201826,40.1261538740736],[-74.0336909851296,40.126575403819]]}},{"type":"Feature","id":183487,"properties":{"OBJECTID":183487,"PRIMENAME":"Captains Court","ELEVTYP_F":0,"ELEVTYP_T":0},"geometry":{"type":"LineString","coordinates":[[-74.0367075483639,40.1123144329968],[-74.0368431369319,40.1123349336157],[-74.037227589461,40.1123930470508]]}},{"type":"Feature","id":183558,"properties":{"OBJECTID":183558,"PRIMENAME":"Riddle Way","ELEVTYP_F":0,"ELEVTYP_T":0},"geometry":{"type":"LineString","coordinates":[[-74.0336786616095,40.1138168870896],[-74.0337974344935,40.1138288129731],[-74.0345834997317,40.1139077726321]]}},{"type":"Feature","id":183947,"properties":{"OBJECTID":183947,"PRIMENAME":"Beams Terrace","ELEVTYP_F":0,"ELEVTYP_T":0},"geometry":{"type":"LineString","coordinates":[[-74.0506044480475,40.1249527598453],[-74.0506956911966,40.1250102434719],[-74.0517159141536,40.1256528625519]]}},{"type":"Feature","id":184347,"properties":{"OBJECTID":184347,"PRIMENAME":"East Main Street","ELEVTYP_F":0,"ELEVTYP_T":0},"geometry":{"type":"LineString","coordinates":[[-74.0356364362069,40.1131058414818],[-74.0363137078883,40.1136191257707],[-74.0364236004756,40.1137013760059]]}},{"type":"Feature","id":184437,"properties":{"OBJECTID":184437,"PRIMENAME":"East Main Street","ELEVTYP_F":0,"ELEVTYP_T":0},"geometry":{"type":"LineString","coordinates":[[-74.0340101859573,40.1118797646285],[-74.0334948889602,40.1114981675338],[-74.0333536709988,40.1113935881457]]}},{"type":"Feature","id":184535,"properties":{"OBJECTID":184535,"PRIMENAME":"Perrine Boulevard","ELEVTYP_F":0,"ELEVTYP_T":0},"geometry":{"type":"LineString","coordinates":[[-74.0382821532501,40.1139689446651],[-74.0381165069354,40.1140462783167],[-74.0377030652561,40.1142868173125],[-74.0375306890827,40.1143871024916],[-74.0374705931287,40.1144857480664]]}},{"type":"Feature","id":184905,"properties":{"OBJECTID":184905,"PRIMENAME":"North Potter Avenue","ELEVTYP_F":0,"ELEVTYP_T":0},"geometry":{"type":"LineString","coordinates":[[-74.0382218706322,40.1180707582211],[-74.0380174411548,40.1182554979253]]}},{"type":"Feature","id":185351,"properties":{"OBJECTID":185351,"PRIMENAME":"Newark Avenue","ELEVTYP_F":0,"ELEVTYP_T":0},"geometry":{"type":"LineString","coordinates":[[-74.0612859637005,40.1310107720297],[-74.0608641055398,40.1317007399158],[-74.0608351496662,40.1317486177142]]}},{"type":"Feature","id":185748,"properties":{"OBJECTID":185748,"PRIMENAME":"1st Avenue","ELEVTYP_F":0,"ELEVTYP_T":0},"geometry":{"type":"LineString","coordinates":[[-74.0312726581619,40.1271997498083],[-74.0313129236481,40.1270493884644],[-74.031530030975,40.1262384009275]]}},{"type":"Feature","id":187183,"properties":{"OBJECTID":187183,"PRIMENAME":"Main Street","ELEVTYP_F":0,"ELEVTYP_T":0},"geometry":{"type":"LineString","coordinates":[[-74.050612047235,40.1232500198483],[-74.0512145114293,40.123653361287],[-74.0516807960051,40.1239542400527]]}},{"type":"Feature","id":188331,"properties":{"OBJECTID":188331,"PRIMENAME":"Euclid Avenue","ELEVTYP_F":0,"ELEVTYP_T":0},"geometry":{"type":"LineString","coordinates":[[-74.0408948217368,40.115667579734],[-74.0415727488068,40.1161142353412],[-74.0421466151584,40.1164883558221]]}},{"type":"Feature","id":189190,"properties":{"OBJECTID":189190,"PRIMENAME":"Ashley Avenue","ELEVTYP_F":0,"ELEVTYP_T":0},"geometry":{"type":"LineString","coordinates":[[-74.0550791098758,40.1064251731809],[-74.054782731313,40.1067198412574]]}},{"type":"Feature","id":189218,"properties":{"OBJECTID":189218,"PRIMENAME":"East Virginia Avenue","ELEVTYP_F":0,"ELEVTYP_T":0},"geometry":{"type":"LineString","coordinates":[[-74.0454340267214,40.1159099398715],[-74.0455837820877,40.1160061192677],[-74.0464369270017,40.1165432592961],[-74.0465334254072,40.1166042534016]]}},{"type":"Feature","id":190514,"properties":{"OBJECTID":190514,"PRIMENAME":"Dewey Avenue","ELEVTYP_F":0,"ELEVTYP_T":0},"geometry":{"type":"LineString","coordinates":[[-74.0471511493889,40.1179451417039],[-74.0466480593709,40.1183981239748],[-74.0465730111317,40.1184666003261]]}},{"type":"Feature","id":190837,"properties":{"OBJECTID":190837,"PRIMENAME":"Riverview Drive","ELEVTYP_F":0,"ELEVTYP_T":0},"geometry":{"type":"LineString","coordinates":[[-74.0588804247748,40.1064465481152],[-74.0587056887917,40.1066421723472]]}},{"type":"Feature","id":191045,"properties":{"OBJECTID":191045,"PRIMENAME":"Lockwood Avenue","ELEVTYP_F":0,"ELEVTYP_T":0},"geometry":{"type":"LineString","coordinates":[[-74.0383648993086,40.1168871432186],[-74.0384329648855,40.1168262218299],[-74.0393385740499,40.1160148308506],[-74.0394206682177,40.1159412811909]]}},{"type":"Feature","id":191428,"properties":{"OBJECTID":191428,"PRIMENAME":"Osborn Avenue","ELEVTYP_F":0,"ELEVTYP_T":0},"geometry":{"type":"LineString","coordinates":[[-74.0512688998966,40.1278587335345],[-74.0518274119214,40.1272662924791]]}},{"type":"Feature","id":191679,"properties":{"OBJECTID":191679,"PRIMENAME":"Wainright Place","ELEVTYP_F":0,"ELEVTYP_T":0},"geometry":{"type":"LineString","coordinates":[[-74.0526093345527,40.1077362675278],[-74.0529774287439,40.1073731350278],[-74.0530754283025,40.1072791363486]]}},{"type":"Feature","id":192761,"properties":{"OBJECTID":192761,"PRIMENAME":"Cedar Avenue","ELEVTYP_F":0,"ELEVTYP_T":0},"geometry":{"type":"LineString","coordinates":[[-74.0399273160398,40.1141319183056],[-74.0395391918067,40.1138756119821],[-74.039403127791,40.1138083327259],[-74.0393638824901,40.1137970666686]]}},{"type":"Feature","id":192877,"properties":{"OBJECTID":192877,"PRIMENAME":"South Street","ELEVTYP_F":0,"ELEVTYP_T":0},"geometry":{"type":"LineString","coordinates":[[-74.054632830947,40.1215618745758],[-74.0546264984416,40.1215678902278],[-74.0541606529447,40.1220214876436],[-74.0537020766699,40.1224671770067]]}},{"type":"Feature","id":193062,"properties":{"OBJECTID":193062,"PRIMENAME":"Stockton Lake Boulevard","ELEVTYP_F":0,"ELEVTYP_T":0},"geometry":{"type":"LineString","coordinates":[[-74.0386833266083,40.1195959626632],[-74.0388110991764,40.1196588179518],[-74.0390525108918,40.1197646216263],[-74.039269269132,40.1198464981641],[-74.0394362582019,40.1199377290711],[-74.0395596714431,40.1200478675464],[-74.0396128894073,40.1201230306303],[-74.0396273278611,40.120143425524],[-74.0397072001557,40.1202676657331],[-74.0398300052386,40.1204683411961],[-74.0399591932627,40.1206451844974],[-74.040033004699,40.1207455709397],[-74.0400609248104,40.1207626759721]]}},{"type":"Feature","id":193665,"properties":{"OBJECTID":193665,"PRIMENAME":"Camp Drive","ELEVTYP_F":0,"ELEVTYP_T":0},"geometry":{"type":"LineString","coordinates":[[-74.0436174544875,40.1273118692462],[-74.0436290047025,40.1272894291511],[-74.0436433811364,40.1272628291174],[-74.0436548039209,40.1272392644619],[-74.0436821131667,40.1271824343394],[-74.0437771840481,40.1269774057819],[-74.0438713453953,40.1267691617114],[-74.0439616066907,40.1265718806543],[-74.0440063476452,40.1264700722022],[-74.0440250857827,40.1264273742247],[-74.0440403903505,40.126390181226],[-74.0440596705735,40.1263415039237],[-74.0440734622589,40.126300512177],[-74.0440806286232,40.1262764920846],[-74.0440858354701,40.1262579269356],[-74.0440900864335,40.1262317535351],[-74.0440909183556,40.1262089154239],[-74.0440902095345,40.1261811859286],[-74.0440874161506,40.126155149622],[-74.0440467124268,40.126070351953]]}},{"type":"Feature","id":194126,"properties":{"OBJECTID":194126,"PRIMENAME":"Union Avenue","ELEVTYP_F":0,"ELEVTYP_T":0},"geometry":{"type":"LineString","coordinates":[[-74.0547200793608,40.1151271183134],[-74.0546437316711,40.115215855021],[-74.0546381107827,40.1152223940149]]}},{"type":"Feature","id":194368,"properties":{"OBJECTID":194368,"PRIMENAME":"Higgins Avenue","ELEVTYP_F":0,"ELEVTYP_T":0},"geometry":{"type":"LineString","coordinates":[[-74.0556684559019,40.1058588279085],[-74.0555954798068,40.105810312437],[-74.0552493599168,40.105580190899],[-74.0550640687525,40.1054412523253],[-74.0549528384878,40.1053598116153],[-74.0548875180435,40.1053042961334]]}},{"type":"Feature","id":194954,"properties":{"OBJECTID":194954,"PRIMENAME":"Jefferson Avenue","ELEVTYP_F":0,"ELEVTYP_T":0},"geometry":{"type":"LineString","coordinates":[[-74.0621140321026,40.132967868389],[-74.0609867588249,40.1325659174987],[-74.0605244097322,40.1324048128849],[-74.0604530028118,40.1323799306666]]}},{"type":"Feature","id":195198,"properties":{"OBJECTID":195198,"PRIMENAME":"Cardeza Avenue","ELEVTYP_F":0,"ELEVTYP_T":0},"geometry":{"type":"LineString","coordinates":[[-74.0553850430936,40.1094619407176],[-74.055332385713,40.1095102208241],[-74.0545954492213,40.1101857534771]]}},{"type":"Feature","id":196007,"properties":{"OBJECTID":196007,"PRIMENAME":"Union Avenue","ELEVTYP_F":0,"ELEVTYP_T":0},"geometry":{"type":"LineString","coordinates":[[-74.0592041359488,40.1081401514057],[-74.0591115937339,40.1082306417395],[-74.0590241617374,40.1083160994909],[-74.0589802553144,40.1083826706464],[-74.0589485445541,40.1084873927591],[-74.0589497597265,40.1085529675191],[-74.0589518321511,40.1086648895747]]}},{"type":"Feature","id":196485,"properties":{"OBJECTID":196485,"PRIMENAME":"2nd Avenue","ELEVTYP_F":0,"ELEVTYP_T":0},"geometry":{"type":"LineString","coordinates":[[-74.0329794234016,40.1292853531672],[-74.0329566541037,40.1291007227224],[-74.0329565073913,40.1290995287233]]}},{"type":"Feature","id":197883,"properties":{"OBJECTID":197883,"PRIMENAME":"Church Street","ELEVTYP_F":0,"ELEVTYP_T":0},"geometry":{"type":"LineString","coordinates":[[-74.0579680430567,40.1253523736114],[-74.0577633844336,40.1252130091409]]}},{"type":"Feature","id":197963,"properties":{"OBJECTID":197963,"PRIMENAME":"Pompano Avenue","ELEVTYP_F":0,"ELEVTYP_T":0},"geometry":{"type":"LineString","coordinates":[[-74.0346224626873,40.1083778570813],[-74.033895482244,40.1082971711035]]}},{"type":"Feature","id":197984,"properties":{"OBJECTID":197984,"PRIMENAME":"Whiting Avenue","ELEVTYP_F":0,"ELEVTYP_T":0},"geometry":{"type":"LineString","coordinates":[[-74.0350509023267,40.1060014191935],[-74.0343251738326,40.1059415090225]]}},{"type":"Feature","id":198066,"properties":{"OBJECTID":198066,"PRIMENAME":"Meadow Avenue","ELEVTYP_F":0,"ELEVTYP_T":0},"geometry":{"type":"LineString","coordinates":[[-74.0374705931287,40.1144857480664],[-74.0374529598616,40.1145146869812],[-74.0374176932945,40.1145725630006],[-74.0364308578845,40.1154551025079],[-74.03636725383,40.1155119775942]]}},{"type":"Feature","id":198071,"properties":{"OBJECTID":198071,"PRIMENAME":"Neptune Place","ELEVTYP_F":0,"ELEVTYP_T":0},"geometry":{"type":"LineString","coordinates":[[-74.0306126331959,40.1250543192363],[-74.0308342652198,40.125089718954],[-74.0310533471845,40.1251247098191]]}},{"type":"Feature","id":198981,"properties":{"OBJECTID":198981,"PRIMENAME":"Fletcher Avenue","ELEVTYP_F":0,"ELEVTYP_T":0},"geometry":{"type":"LineString","coordinates":[[-74.0392828973261,40.1171225849589],[-74.0393617966476,40.1171730823593],[-74.0404929920421,40.1178972562017],[-74.0405498117476,40.1179344881382]]}},{"type":"Feature","id":199784,"properties":{"OBJECTID":199784,"PRIMENAME":"Borrie Avenue","ELEVTYP_F":0,"ELEVTYP_T":0},"geometry":{"type":"LineString","coordinates":[[-74.055836028916,40.1138342752969],[-74.0552689050224,40.1135421406175],[-74.0541923565099,40.1129946520371],[-74.052425152367,40.1120845491403]]}},{"type":"Feature","id":200753,"properties":{"OBJECTID":200753,"PRIMENAME":"Neptune Place","ELEVTYP_F":0,"ELEVTYP_T":0},"geometry":{"type":"LineString","coordinates":[[-74.0310533471845,40.1251247098191],[-74.0317963873187,40.1252433749655]]}},{"type":"Feature","id":201190,"properties":{"OBJECTID":201190,"PRIMENAME":"Ocean Avenue","ELEVTYP_F":0,"ELEVTYP_T":0},"geometry":{"type":"LineString","coordinates":[[-74.0310411838645,40.1242272039923],[-74.0311134210178,40.1239431392173],[-74.0312484200397,40.1234391395914],[-74.0312632901617,40.1233832626893]]}},{"type":"Feature","id":201512,"properties":{"OBJECTID":201512,"PRIMENAME":"Dewey Avenue","ELEVTYP_F":0,"ELEVTYP_T":0},"geometry":{"type":"LineString","coordinates":[[-74.0465730111317,40.1184666003261],[-74.0459987060011,40.1189910910296]]}},{"type":"Feature","id":201646,"properties":{"OBJECTID":201646,"PRIMENAME":"Woodland Avenue","ELEVTYP_F":0,"ELEVTYP_T":0},"geometry":{"type":"LineString","coordinates":[[-74.0504401007421,40.112060087699],[-74.0503623161341,40.112040898328],[-74.0489493125162,40.1116922412197]]}},{"type":"Feature","id":202105,"properties":{"OBJECTID":202105,"PRIMENAME":"Pennsylvania Avenue","ELEVTYP_F":0,"ELEVTYP_T":0},"geometry":{"type":"LineString","coordinates":[[-74.060209025813,40.1289789419927],[-74.0602426159357,40.1289852896807],[-74.0602980198533,40.1290011485581],[-74.0605457449447,40.129092192517],[-74.0607788065733,40.1291778482759],[-74.0621029217841,40.129644455732]]}},{"type":"Feature","id":203623,"properties":{"OBJECTID":203623,"PRIMENAME":"Bell Place","ELEVTYP_F":0,"ELEVTYP_T":0},"geometry":{"type":"LineString","coordinates":[[-74.0432452719828,40.1303925411544],[-74.0431923318535,40.1304951167046],[-74.0427478976248,40.1313571690645]]}},{"type":"Feature","id":203666,"properties":{"OBJECTID":203666,"PRIMENAME":"Parker Avenue","ELEVTYP_F":0,"ELEVTYP_T":0},"geometry":{"type":"LineString","coordinates":[[-74.0462861772073,40.1259087184521],[-74.0461979424839,40.1259906494789]]}},{"type":"Feature","id":203779,"properties":{"OBJECTID":203779,"PRIMENAME":"Union Avenue","ELEVTYP_F":0,"ELEVTYP_T":0},"geometry":{"type":"LineString","coordinates":[[-74.0553430241531,40.1144045319544],[-74.0550731008163,40.1147168445722],[-74.0547200793608,40.1151271183134]]}},{"type":"Feature","id":203804,"properties":{"OBJECTID":203804,"PRIMENAME":"Rogers Avenue","ELEVTYP_F":0,"ELEVTYP_T":0},"geometry":{"type":"LineString","coordinates":[[-74.0383648993086,40.1168871432186],[-74.0376952018511,40.1164258430846]]}},{"type":"Feature","id":203947,"properties":{"OBJECTID":203947,"PRIMENAME":"Union Avenue","ELEVTYP_F":0,"ELEVTYP_T":0},"geometry":{"type":"LineString","coordinates":[[-74.0589518321511,40.1086648895747],[-74.0589518398486,40.1087688542884],[-74.0589536958996,40.1088358194466]]}},{"type":"Feature","id":205316,"properties":{"OBJECTID":205316,"PRIMENAME":"Crescent Drive","ELEVTYP_F":0,"ELEVTYP_T":0},"geometry":{"type":"LineString","coordinates":[[-74.0458801316397,40.109610152671],[-74.0458405660036,40.1096401958089],[-74.0458028359362,40.1097115354787],[-74.0457897632923,40.1098115776898],[-74.0458015044149,40.109911717207],[-74.0458257816332,40.1099976038528],[-74.0458624354394,40.1100882874488],[-74.0459053366289,40.1101694968689],[-74.0459608668544,40.1102173726765],[-74.0460165590084,40.1102461977373],[-74.0460909069936,40.1102655413856],[-74.0461839773638,40.1102706824393],[-74.0462585518681,40.1102614210136],[-74.0463455587013,40.1102427375001],[-74.0464386971503,40.1102431022667],[-74.0465192974727,40.1102576928744],[-74.0466059893328,40.1102866110995],[-74.046816220334,40.1104113568406],[-74.0468921493529,40.1104564298124]]}},{"type":"Feature","id":205336,"properties":{"OBJECTID":205336,"PRIMENAME":"Lenape Trail","ELEVTYP_F":0,"ELEVTYP_T":0},"geometry":{"type":"LineString","coordinates":[[-74.0602018554684,40.1241225021418],[-74.0601429882549,40.1242117203264],[-74.0597724170896,40.1246453320323]]}},{"type":"Feature","id":206084,"properties":{"OBJECTID":206084,"PRIMENAME":"Whiting Avenue","ELEVTYP_F":0,"ELEVTYP_T":0},"geometry":{"type":"LineString","coordinates":[[-74.0368620946538,40.1061344684097],[-74.0367115018699,40.1061193434527],[-74.0355676375207,40.1060044560632]]}},{"type":"Feature","id":206175,"properties":{"OBJECTID":206175,"PRIMENAME":"Higgins Avenue","ELEVTYP_F":0,"ELEVTYP_T":0},"geometry":{"type":"LineString","coordinates":[[-74.0556684559019,40.1058588279085],[-74.0562939374125,40.1062609973864],[-74.0563402928409,40.106290878776]]}},{"type":"Feature","id":206430,"properties":{"OBJECTID":206430,"PRIMENAME":"Morris Avenue","ELEVTYP_F":0,"ELEVTYP_T":0},"geometry":{"type":"LineString","coordinates":[[-74.0562356320011,40.1200242356757],[-74.0561339800503,40.1199618302506],[-74.0553053816605,40.1194534888703],[-74.0540377218779,40.1186860254964],[-74.0530298014932,40.1180720795308],[-74.0524702008739,40.1177253012612]]}},{"type":"Feature","id":206525,"properties":{"OBJECTID":206525,"PRIMENAME":"Lebanon Drive","ELEVTYP_F":0,"ELEVTYP_T":0},"geometry":{"type":"LineString","coordinates":[[-74.0615249159902,40.1187253198993],[-74.0610991761759,40.1191359968044],[-74.0606067176796,40.1196221992023],[-74.0603795602688,40.1198464701762],[-74.0603057122502,40.1199193778541]]}},{"type":"Feature","id":207004,"properties":{"OBJECTID":207004,"PRIMENAME":"Timber Lane","ELEVTYP_F":0,"ELEVTYP_T":0},"geometry":{"type":"LineString","coordinates":[[-74.0353445827885,40.1072545420169],[-74.0354563248504,40.1066269744598]]}},{"type":"Feature","id":207093,"properties":{"OBJECTID":207093,"PRIMENAME":"3rd Avenue","ELEVTYP_F":0,"ELEVTYP_T":0},"geometry":{"type":"LineString","coordinates":[[-74.0366421876563,40.107393079163],[-74.0365336731834,40.10802057875]]}},{"type":"Feature","id":207797,"properties":{"OBJECTID":207797,"PRIMENAME":"Marlin Avenue","ELEVTYP_F":0,"ELEVTYP_T":0},"geometry":{"type":"LineString","coordinates":[[-74.0362960744476,40.1092711564415],[-74.0361749931504,40.1092580709987],[-74.0351205273337,40.109144223463],[-74.0350042334552,40.1091316766096]]}},{"type":"Feature","id":207973,"properties":{"OBJECTID":207973,"PRIMENAME":"Brielle Road","ELEVTYP_F":0,"ELEVTYP_T":0},"geometry":{"type":"LineString","coordinates":[[-74.0424733137951,40.1114373496404],[-74.0416180796642,40.111306432495]]}},{"type":"Feature","id":208022,"properties":{"OBJECTID":208022,"PRIMENAME":"Camden Avenue","ELEVTYP_F":0,"ELEVTYP_T":0},"geometry":{"type":"LineString","coordinates":[[-74.0593372041151,40.1303149353909],[-74.0597998112887,40.1295630840971]]}},{"type":"Feature","id":208728,"properties":{"OBJECTID":208728,"PRIMENAME":"The Plaza","ELEVTYP_F":0,"ELEVTYP_T":0},"geometry":{"type":"LineString","coordinates":[[-74.0421760741954,40.1300997623418],[-74.0421011876166,40.1302429624928],[-74.041744076249,40.1308763436357]]}},{"type":"Feature","id":210222,"properties":{"OBJECTID":210222,"PRIMENAME":"Riverview Drive","ELEVTYP_F":0,"ELEVTYP_T":0},"geometry":{"type":"LineString","coordinates":[[-74.0612340154989,40.1041474267372],[-74.0610330964658,40.1043082545328],[-74.0607211268155,40.1045644437655],[-74.0607035203579,40.1045780197315],[-74.060502494326,40.1047330277325]]}},{"type":"Feature","id":210333,"properties":{"OBJECTID":210333,"PRIMENAME":"Perrine Boulevard","ELEVTYP_F":0,"ELEVTYP_T":0},"geometry":{"type":"LineString","coordinates":[[-74.0490957404192,40.1174692246636],[-74.0491253632992,40.1174164120144],[-74.049144465827,40.1173450267679],[-74.0491013977874,40.117287646562],[-74.0489777570875,40.1172156776101],[-74.048371669275,40.1168462416569]]}},{"type":"Feature","id":210376,"properties":{"OBJECTID":210376,"PRIMENAME":"Waters Edge","ELEVTYP_F":0,"ELEVTYP_T":0},"geometry":{"type":"LineString","coordinates":[[-74.0479520694693,40.1121080171267],[-74.0478608402425,40.112120989405],[-74.0478107639674,40.1121457861949],[-74.0477822443812,40.1121923295748],[-74.0477905265116,40.1122523432173],[-74.0477235298526,40.1124024883765]]}},{"type":"Feature","id":210429,"properties":{"OBJECTID":210429,"PRIMENAME":"Curtis Avenue","ELEVTYP_F":0,"ELEVTYP_T":0},"geometry":{"type":"LineString","coordinates":[[-74.0502314732701,40.1203198859272],[-74.0499678728494,40.120158782007],[-74.0497143625186,40.1200038422843],[-74.0486695525856,40.1193420291532],[-74.0485985101734,40.1192970313855]]}},{"type":"Feature","id":210717,"properties":{"OBJECTID":210717,"PRIMENAME":"Old Bridge Road","ELEVTYP_F":0,"ELEVTYP_T":0},"geometry":{"type":"LineString","coordinates":[[-74.0587646666356,40.1182855820681],[-74.058304135565,40.1184673497485]]}},{"type":"Feature","id":210799,"properties":{"OBJECTID":210799,"PRIMENAME":"Sea Girt Avenue","ELEVTYP_F":0,"ELEVTYP_T":0},"geometry":{"type":"LineString","coordinates":[[-74.0436472920117,40.1305177990807],[-74.0433455309272,40.1304339519247],[-74.0432452719828,40.1303925411544]]}},{"type":"Feature","id":210857,"properties":{"OBJECTID":210857,"PRIMENAME":"Pine Road","ELEVTYP_F":0,"ELEVTYP_T":0},"geometry":{"type":"LineString","coordinates":[[-74.062344052951,40.1202230019965],[-74.0618933492322,40.1201780172572],[-74.0617118424748,40.1201598977218]]}},{"type":"Feature","id":210861,"properties":{"OBJECTID":210861,"PRIMENAME":"3rd Avenue","ELEVTYP_F":0,"ELEVTYP_T":0},"geometry":{"type":"LineString","coordinates":[[-74.0351764740485,40.1300404727138],[-74.0354444451021,40.1290391865695]]}},{"type":"Feature","id":211059,"properties":{"OBJECTID":211059,"PRIMENAME":"Washington Boulevard","ELEVTYP_F":0,"ELEVTYP_T":0},"geometry":{"type":"LineString","coordinates":[[-74.0333108404762,40.1287067192533],[-74.0331368023684,40.1286767797527]]}},{"type":"Feature","id":211356,"properties":{"OBJECTID":211356,"PRIMENAME":"Inlet Drive","ELEVTYP_F":0,"ELEVTYP_T":0},"geometry":{"type":"LineString","coordinates":[[-74.0357845538839,40.1022740168505],[-74.0358174422362,40.1023059393782],[-74.0358710645323,40.1023379729015],[-74.0374010418599,40.1031346264826],[-74.0376488103684,40.1032636343003],[-74.0376901010009,40.1032797214936],[-74.037739728275,40.1032894740723],[-74.0377852163215,40.1032928125181],[-74.0378431666078,40.1032930437566],[-74.0379011394258,40.1032901181411],[-74.0379508811861,40.1032775781327],[-74.0379965410042,40.103255523155],[-74.0380382552157,40.1032143722267],[-74.0380633878899,40.1031667872835],[-74.0380720898673,40.1031064244839],[-74.038060121922,40.1030364544633],[-74.0380191469835,40.1029790783726],[-74.0377050456017,40.1026407431659],[-74.0375630060147,40.1024877426434],[-74.0368398276323,40.1016997512199],[-74.036761805184,40.1016072509635],[-74.0367331501704,40.1015626351052],[-74.0367126896918,40.1015276056267],[-74.0367004851906,40.1014925821468],[-74.0366925732908,40.101441679571],[-74.0366889003318,40.1013717416698],[-74.0366895040177,40.1012827415732],[-74.0366984439833,40.1011874330662],[-74.0368182515208,40.1005110567812]]}},{"type":"Feature","id":211717,"properties":{"OBJECTID":211717,"PRIMENAME":"Ridge Avenue","ELEVTYP_F":0,"ELEVTYP_T":0},"geometry":{"type":"LineString","coordinates":[[-74.0522166364906,40.1291120875165],[-74.0522879700513,40.129141985046],[-74.0528390516453,40.1293728792267],[-74.0532995801776,40.1295658116227]]}},{"type":"Feature","id":211862,"properties":{"OBJECTID":211862,"PRIMENAME":"Church Street","ELEVTYP_F":0,"ELEVTYP_T":0},"geometry":{"type":"LineString","coordinates":[[-74.0583686821603,40.1256235656549],[-74.0583335330597,40.125601310767],[-74.0582736380699,40.1255605154378],[-74.0579680430567,40.1253523736114]]}},{"type":"Feature","id":211882,"properties":{"OBJECTID":211882,"PRIMENAME":"Curtis Avenue","ELEVTYP_F":0,"ELEVTYP_T":0},"geometry":{"type":"LineString","coordinates":[[-74.0537020766699,40.1224671770067],[-74.0535357378785,40.1223492566192],[-74.0527999986998,40.12187933376],[-74.052224968504,40.1215196466125],[-74.0516251576599,40.1211551113425],[-74.0512602857234,40.1209392357117],[-74.0503265329044,40.120377989062],[-74.0502314732701,40.1203198859272]]}},{"type":"Feature","id":211968,"properties":{"OBJECTID":211968,"PRIMENAME":"Clark Street","ELEVTYP_F":0,"ELEVTYP_T":0},"geometry":{"type":"LineString","coordinates":[[-74.0558669877015,40.1239260321308],[-74.0559410161211,40.1238597976211],[-74.0569756251009,40.1229339274547],[-74.0571422856516,40.1227847816175]]}},{"type":"Feature","id":212880,"properties":{"OBJECTID":212880,"PRIMENAME":"Waters Edge","ELEVTYP_F":0,"ELEVTYP_T":0},"geometry":{"type":"LineString","coordinates":[[-74.0478235159165,40.1124276927222],[-74.0478900735894,40.1122943868528],[-74.0479511428765,40.1122479722938],[-74.0479730857543,40.1122114035424],[-74.0479520694693,40.1121080171267]]}},{"type":"Feature","id":213917,"properties":{"OBJECTID":213917,"PRIMENAME":"The Crescent","ELEVTYP_F":0,"ELEVTYP_T":0},"geometry":{"type":"LineString","coordinates":[[-74.0326604241367,40.130229974478],[-74.0326044274815,40.1303148082562],[-74.0324353294432,40.1305238654051],[-74.0322477960844,40.1307089923061],[-74.0321751254351,40.1307658003697]]}},{"type":"Feature","id":214781,"properties":{"OBJECTID":214781,"PRIMENAME":"Green Avenue","ELEVTYP_F":0,"ELEVTYP_T":0},"geometry":{"type":"LineString","coordinates":[[-74.0528267459118,40.107871290798],[-74.0527297058833,40.107894004359],[-74.052188823646,40.1080205867866],[-74.0520335690345,40.1080390386884],[-74.0519031170966,40.1080480876785],[-74.0517375637784,40.1080559306601]]}},{"type":"Feature","id":214813,"properties":{"OBJECTID":214813,"PRIMENAME":"Crescent Drive","ELEVTYP_F":0,"ELEVTYP_T":0},"geometry":{"type":"LineString","coordinates":[[-74.0482489479683,40.1091184532745],[-74.0481969697901,40.1090631797447],[-74.0480305279805,40.1088861719934],[-74.0479813249014,40.1088547378052],[-74.0479254200682,40.1088417820808],[-74.0478649389323,40.1088450046431],[-74.0475457036205,40.1089891498356],[-74.0471603042669,40.1091694647161],[-74.0470911144819,40.1092018360258],[-74.0468919054211,40.1092916237884],[-74.0466865421376,40.1093766386913],[-74.0464936089679,40.1094473440277],[-74.0463380613056,40.1095038916507],[-74.0461578259598,40.1095413459154],[-74.0459029500436,40.1095927813938],[-74.0458801316397,40.109610152671]]}},{"type":"Feature","id":214824,"properties":{"OBJECTID":214824,"PRIMENAME":"Woodland Avenue","ELEVTYP_F":0,"ELEVTYP_T":0},"geometry":{"type":"LineString","coordinates":[[-74.0493604613795,40.1261062764385],[-74.049258541154,40.1260407341126],[-74.0483276306358,40.1254419818617]]}},{"type":"Feature","id":214940,"properties":{"OBJECTID":214940,"PRIMENAME":"Cardeza Avenue","ELEVTYP_F":0,"ELEVTYP_T":0},"geometry":{"type":"LineString","coordinates":[[-74.0545954492213,40.1101857534771],[-74.0545143021122,40.110260113855],[-74.0539149817715,40.1107916315583],[-74.0538149720497,40.1108960891376],[-74.0537870620855,40.1109267013872]]}},{"type":"Feature","id":216314,"properties":{"OBJECTID":216314,"PRIMENAME":"Branin Avenue","ELEVTYP_F":0,"ELEVTYP_T":0},"geometry":{"type":"LineString","coordinates":[[-74.0544397157625,40.1229657360356],[-74.0543631751082,40.123038768216],[-74.0538790403938,40.1235004596107],[-74.0537509168656,40.1236226412629]]}},{"type":"Feature","id":216375,"properties":{"OBJECTID":216375,"PRIMENAME":"Atlantic Avenue","ELEVTYP_F":0,"ELEVTYP_T":0},"geometry":{"type":"LineString","coordinates":[[-74.0530907317472,40.1277830349535],[-74.052856837344,40.1276846743531],[-74.052373876622,40.1274897872343],[-74.0518274119214,40.1272662924791]]}},{"type":"Feature","id":217188,"properties":{"OBJECTID":217188,"PRIMENAME":"3rd Avenue","ELEVTYP_F":0,"ELEVTYP_T":0},"geometry":{"type":"LineString","coordinates":[[-74.0354846133781,40.114015546574],[-74.0353810964862,40.1146358714867],[-74.035349378919,40.114735837611],[-74.0353055349446,40.1147912989549]]}},{"type":"Feature","id":218866,"properties":{"OBJECTID":218866,"PRIMENAME":"Green Avenue","ELEVTYP_F":0,"ELEVTYP_T":0},"geometry":{"type":"LineString","coordinates":[[-74.0511896295048,40.1080472742604],[-74.0507859525601,40.1080342066485],[-74.0502157327204,40.1080205531568],[-74.0498363885164,40.1080114676996],[-74.0496129354626,40.1080105990111],[-74.0494842324375,40.1080272601929]]}},{"type":"Feature","id":218908,"properties":{"OBJECTID":218908,"PRIMENAME":"Unnamed Segment","ELEVTYP_F":0,"ELEVTYP_T":0},"geometry":{"type":"LineString","coordinates":[[-74.0431266639949,40.1270645649044],[-74.0434008701685,40.1272419473811],[-74.0434788843569,40.1272745345987],[-74.0435037963242,40.1272812474311]]}},{"type":"Feature","id":220671,"properties":{"OBJECTID":220671,"PRIMENAME":"Post Road","ELEVTYP_F":0,"ELEVTYP_T":0},"geometry":{"type":"LineString","coordinates":[[-74.0613677939849,40.10618522576],[-74.0614256390095,40.1061353971165],[-74.0620061718509,40.1056357451879],[-74.0620872406789,40.1055659708974]]}},{"type":"Feature","id":220823,"properties":{"OBJECTID":220823,"PRIMENAME":"Leslie Avenue","ELEVTYP_F":0,"ELEVTYP_T":0},"geometry":{"type":"LineString","coordinates":[[-74.0488769219645,40.1104238761025],[-74.0485209043203,40.1107659536828]]}},{"type":"Feature","id":221396,"properties":{"OBJECTID":221396,"PRIMENAME":"Minnesink Road","ELEVTYP_F":0,"ELEVTYP_T":0},"geometry":{"type":"LineString","coordinates":[[-74.0583587883572,40.1232183248029],[-74.0579790799326,40.1229377616196],[-74.0575323343243,40.1226076636331],[-74.0574281262475,40.1225306719882]]}},{"type":"Feature","id":221651,"properties":{"OBJECTID":221651,"PRIMENAME":"1st Avenue","ELEVTYP_F":0,"ELEVTYP_T":0},"geometry":{"type":"LineString","coordinates":[[-74.0350509023267,40.1060014191935],[-74.0350594809974,40.1059534136063]]}},{"type":"Feature","id":221834,"properties":{"OBJECTID":221834,"PRIMENAME":"FR RT 35 NB to RT 71 NB","ELEVTYP_F":0,"ELEVTYP_T":0},"geometry":{"type":"LineString","coordinates":[[-74.0567507181061,40.1084135001445],[-74.0570844744625,40.1087721053005],[-74.0572415726481,40.1089435467456],[-74.0573954130925,40.1091086328764],[-74.0574723318276,40.1091911767588],[-74.0574887593649,40.1092093856935],[-74.0577472369941,40.1094959118979],[-74.0579189792848,40.1096977705304],[-74.0580317415122,40.1098424668391],[-74.0581003102204,40.1099376340062],[-74.0581492663001,40.1100137010727],[-74.0581932392456,40.1100974076629],[-74.0582322529068,40.1101848854166],[-74.0582662979579,40.1102723153845],[-74.058290511651,40.1103483429627]]}},{"type":"Feature","id":222125,"properties":{"OBJECTID":222125,"PRIMENAME":"Neptune Place","ELEVTYP_F":0,"ELEVTYP_T":0},"geometry":{"type":"LineString","coordinates":[[-74.0357146012367,40.1258562495728],[-74.0360407532959,40.1259079337806]]}},{"type":"Feature","id":222153,"properties":{"OBJECTID":222153,"PRIMENAME":"South Jackson Avenue","ELEVTYP_F":0,"ELEVTYP_T":0},"geometry":{"type":"LineString","coordinates":[[-74.0421466151584,40.1164883558221],[-74.0427228914711,40.1159643592483]]}},{"type":"Feature","id":223149,"properties":{"OBJECTID":223149,"PRIMENAME":"1st Avenue","ELEVTYP_F":0,"ELEVTYP_T":0},"geometry":{"type":"LineString","coordinates":[[-74.0317963873187,40.1252433749655],[-74.0318672985583,40.1249783566066],[-74.0320267482299,40.1243805269906]]}},{"type":"Feature","id":223929,"properties":{"OBJECTID":223929,"PRIMENAME":"Atlantic Avenue","ELEVTYP_F":0,"ELEVTYP_T":0},"geometry":{"type":"LineString","coordinates":[[-74.0575594300661,40.1296096991729],[-74.0573526156764,40.1295249857156],[-74.0566977490178,40.1292579990895],[-74.0557549608299,40.1288682878064],[-74.0556714605123,40.128833176696]]}},{"type":"Feature","id":224337,"properties":{"OBJECTID":224337,"PRIMENAME":"Captains Court","ELEVTYP_F":0,"ELEVTYP_T":0},"geometry":{"type":"LineString","coordinates":[[-74.037227589461,40.1123930470508],[-74.0374069059417,40.1124201526289],[-74.0374071285953,40.1124201868437],[-74.0383004377579,40.1125552147531],[-74.0383629769677,40.1125654841862]]}},{"type":"Feature","id":224439,"properties":{"OBJECTID":224439,"PRIMENAME":"South Farragut Avenue","ELEVTYP_F":0,"ELEVTYP_T":0},"geometry":{"type":"LineString","coordinates":[[-74.0459366880087,40.1171542149544],[-74.0453990197089,40.1176497191266],[-74.0453607476856,40.1176836653018]]}},{"type":"Feature","id":224585,"properties":{"OBJECTID":224585,"PRIMENAME":"Iroquois Road","ELEVTYP_F":0,"ELEVTYP_T":0},"geometry":{"type":"LineString","coordinates":[[-74.0557843593544,40.1222347766565],[-74.0550061315857,40.1229263768114],[-74.0547973394999,40.1231119254757],[-74.0547367306371,40.1231657471599]]}},{"type":"Feature","id":224987,"properties":{"OBJECTID":224987,"PRIMENAME":"Sea Girt Avenue","ELEVTYP_F":0,"ELEVTYP_T":0},"geometry":{"type":"LineString","coordinates":[[-74.0341770158902,40.1247399065169],[-74.0345495162767,40.12497011528],[-74.0353717733443,40.1254881596934],[-74.0357472966877,40.1257237961398],[-74.0360407532959,40.1259079337806]]}},{"type":"Feature","id":225724,"properties":{"OBJECTID":225724,"PRIMENAME":"Union Avenue","ELEVTYP_F":0,"ELEVTYP_T":0},"geometry":{"type":"LineString","coordinates":[[-74.0510441572533,40.1193780800437],[-74.0507135144637,40.1197603436004],[-74.0502700329534,40.12027490316],[-74.0502314732701,40.1203198859272]]}},{"type":"Feature","id":226604,"properties":{"OBJECTID":226604,"PRIMENAME":"Morgan Parkway","ELEVTYP_F":0,"ELEVTYP_T":0},"geometry":{"type":"LineString","coordinates":[[-74.0588637801539,40.1145518564372],[-74.0590192361173,40.114371477755],[-74.0593610884237,40.1139805851588]]}},{"type":"Feature","id":227014,"properties":{"OBJECTID":227014,"PRIMENAME":"Neptune Place","ELEVTYP_F":0,"ELEVTYP_T":0},"geometry":{"type":"LineString","coordinates":[[-74.0317963873187,40.1252433749655],[-74.0320824947675,40.1252890323467],[-74.033954964289,40.1255785520495]]}},{"type":"Feature","id":227685,"properties":{"OBJECTID":227685,"PRIMENAME":"South Farragut Avenue","ELEVTYP_F":0,"ELEVTYP_T":0},"geometry":{"type":"LineString","coordinates":[[-74.0453607476856,40.1176836653018],[-74.0447799207036,40.1181989824546]]}},{"type":"Feature","id":228389,"properties":{"OBJECTID":228389,"PRIMENAME":"Sea Girt Avenue","ELEVTYP_F":0,"ELEVTYP_T":0},"geometry":{"type":"LineString","coordinates":[[-74.0341230282353,40.1247065261115],[-74.0341770158902,40.1247399065169]]}},{"type":"Feature","id":228468,"properties":{"OBJECTID":228468,"PRIMENAME":"Ashley Avenue","ELEVTYP_F":0,"ELEVTYP_T":0},"geometry":{"type":"LineString","coordinates":[[-74.0566375848804,40.1049563709607],[-74.0563688761679,40.105203984519]]}},{"type":"Feature","id":228594,"properties":{"OBJECTID":228594,"PRIMENAME":"Dewey Avenue","ELEVTYP_F":0,"ELEVTYP_T":0},"geometry":{"type":"LineString","coordinates":[[-74.0477726554808,40.1173856072079],[-74.0471511493889,40.1179451417039]]}},{"type":"Feature","id":228858,"properties":{"OBJECTID":228858,"PRIMENAME":"Spruce Avenue","ELEVTYP_F":0,"ELEVTYP_T":0},"geometry":{"type":"LineString","coordinates":[[-74.0487763416514,40.1302448121204],[-74.049498579189,40.1304723538233],[-74.0495842019744,40.1304993156201]]}},{"type":"Feature","id":229601,"properties":{"OBJECTID":229601,"PRIMENAME":"1st Avenue","ELEVTYP_F":0,"ELEVTYP_T":0},"geometry":{"type":"LineString","coordinates":[[-74.0342948501995,40.1101841481207],[-74.0344869511468,40.109119221899],[-74.0345198446889,40.1089368738023],[-74.0346095563104,40.1084482138157]]}},{"type":"Feature","id":230095,"properties":{"OBJECTID":230095,"PRIMENAME":"Old Bridge Road","ELEVTYP_F":0,"ELEVTYP_T":0},"geometry":{"type":"LineString","coordinates":[[-74.0589270797499,40.1182214782304],[-74.0587646666356,40.1182855820681]]}},{"type":"Feature","id":230555,"properties":{"OBJECTID":230555,"PRIMENAME":"Melrose Avenue","ELEVTYP_F":0,"ELEVTYP_T":0},"geometry":{"type":"LineString","coordinates":[[-74.0564670717851,40.1091971319926],[-74.0563807082957,40.1091448603386],[-74.0550019360811,40.1083102424947]]}},{"type":"Feature","id":230867,"properties":{"OBJECTID":230867,"PRIMENAME":"Union Avenue","ELEVTYP_F":0,"ELEVTYP_T":0},"geometry":{"type":"LineString","coordinates":[[-74.0546381107827,40.1152223940149],[-74.0545001142802,40.11538276571],[-74.0540197124465,40.1159363185429]]}},{"type":"Feature","id":230912,"properties":{"OBJECTID":230912,"PRIMENAME":"Whiting Avenue","ELEVTYP_F":0,"ELEVTYP_T":0},"geometry":{"type":"LineString","coordinates":[[-74.0355676375207,40.1060044560632],[-74.0351794196941,40.1059654535306],[-74.0350594809974,40.1059534136063]]}},{"type":"Feature","id":231032,"properties":{"OBJECTID":231032,"PRIMENAME":"Kenli Lane","ELEVTYP_F":0,"ELEVTYP_T":0},"geometry":{"type":"LineString","coordinates":[[-74.0613616953187,40.1040452362465],[-74.0612966602783,40.1039901388578],[-74.0607104949976,40.1034936468086],[-74.06042621612,40.1032528534022],[-74.0603706519175,40.1032097327716],[-74.0602901477571,40.1031808492101],[-74.0602157114468,40.1031757893515],[-74.0601225880542,40.1031802129932],[-74.0599367410192,40.1031956420078],[-74.0597934327923,40.1032075404755]]}},{"type":"Feature","id":231620,"properties":{"OBJECTID":231620,"PRIMENAME":"Marcellus Avenue","ELEVTYP_F":0,"ELEVTYP_T":0},"geometry":{"type":"LineString","coordinates":[[-74.0497331362455,40.1171685430648],[-74.0499742065253,40.1173167099387],[-74.0517302109862,40.1183958885934],[-74.0518375679368,40.1184598583398]]}},{"type":"Feature","id":231735,"properties":{"OBJECTID":231735,"PRIMENAME":"Main Street","ELEVTYP_F":0,"ELEVTYP_T":0},"geometry":{"type":"LineString","coordinates":[[-74.053721985247,40.126494000391],[-74.0532166885728,40.125822309401]]}},{"type":"Feature","id":231860,"properties":{"OBJECTID":231860,"PRIMENAME":"Cherry Place","ELEVTYP_F":0,"ELEVTYP_T":0},"geometry":{"type":"LineString","coordinates":[[-74.0487763416514,40.1302448121204],[-74.0487298197109,40.1302977793733],[-74.0486672597723,40.1303690238532],[-74.0486044802315,40.1304736216099],[-74.0483472562102,40.1308682428036],[-74.0483042280322,40.1309277471652],[-74.048240738393,40.1310155513749]]}},{"type":"Feature","id":232614,"properties":{"OBJECTID":232614,"PRIMENAME":"Cedar Avenue","ELEVTYP_F":0,"ELEVTYP_T":0},"geometry":{"type":"LineString","coordinates":[[-74.0427228914711,40.1159643592483],[-74.0415540745119,40.1151942941308],[-74.041476468316,40.1151431440241]]}},{"type":"Feature","id":232628,"properties":{"OBJECTID":232628,"PRIMENAME":"Camp Drive","ELEVTYP_F":0,"ELEVTYP_T":0},"geometry":{"type":"LineString","coordinates":[[-74.0428367557376,40.1286294775144],[-74.0428194384971,40.1286705776709],[-74.0427927614622,40.1287235668456],[-74.0427445835666,40.1288201759695],[-74.0427258884474,40.128856760039],[-74.0426705460934,40.1289650542507],[-74.0425991818399,40.1291166693548],[-74.0425260243752,40.1292635559358],[-74.0424988499926,40.1293206519972],[-74.0424503542544,40.1294225386469],[-74.0423815549139,40.1295647479758],[-74.0423233123595,40.1296794632387],[-74.0422927285169,40.1297794850291],[-74.042306102349,40.1298510855978]]}},{"type":"Feature","id":232746,"properties":{"OBJECTID":232746,"PRIMENAME":"Union Lane","ELEVTYP_F":0,"ELEVTYP_T":0},"geometry":{"type":"LineString","coordinates":[[-74.0553850430936,40.1094619407176],[-74.0549638533642,40.1091997116256],[-74.0545480795042,40.108940850584]]}},{"type":"Feature","id":234001,"properties":{"OBJECTID":234001,"PRIMENAME":"Sea Girt Avenue","ELEVTYP_F":0,"ELEVTYP_T":0},"geometry":{"type":"LineString","coordinates":[[-74.046325836019,40.1312239283255],[-74.0449079322493,40.1308513468143]]}},{"type":"Feature","id":234617,"properties":{"OBJECTID":234617,"PRIMENAME":"Perrine Boulevard","ELEVTYP_F":0,"ELEVTYP_T":0},"geometry":{"type":"LineString","coordinates":[[-74.0451242751434,40.1137984663989],[-74.044978324177,40.113706447192],[-74.0447926426799,40.1136151777468],[-74.0445945341617,40.1135428564428],[-74.0444024180825,40.1134944698254],[-74.0443614811141,40.1134904979776]]}},{"type":"Feature","id":234814,"properties":{"OBJECTID":234814,"PRIMENAME":"Riverview Drive","ELEVTYP_F":0,"ELEVTYP_T":0},"geometry":{"type":"LineString","coordinates":[[-74.0654393028641,40.1021429607351],[-74.0653789045617,40.1021989236501],[-74.0652539329751,40.1023319044489],[-74.065155245698,40.1024212435947],[-74.0651228319943,40.1024505861646],[-74.0650231198,40.1025074235626],[-74.0648366072861,40.1025638807593],[-74.0646873354805,40.1026109780467],[-74.0644637172418,40.1026387433199],[-74.0640786652977,40.1026754273102],[-74.0637929248102,40.102712484067],[-74.063594091649,40.10274983967],[-74.0634744002981,40.1027850730694],[-74.0633702299398,40.1028157344089],[-74.063108963227,40.1029053171767],[-74.0627915811443,40.1030375693819],[-74.062561350036,40.1031320164878],[-74.0623744873407,40.1032313772344],[-74.0622247224166,40.1033547344581],[-74.0617443398043,40.1037389902722],[-74.0613616953187,40.1040452362465]]}},{"type":"Feature","id":235501,"properties":{"OBJECTID":235501,"PRIMENAME":"Fisk Avenue","ELEVTYP_F":0,"ELEVTYP_T":0},"geometry":{"type":"LineString","coordinates":[[-74.0546381107827,40.1152223940149],[-74.054488684302,40.1151453077254],[-74.0522057025649,40.1139735663671],[-74.0510425655874,40.1133780827022],[-74.0510337609965,40.1133738756863]]}},{"type":"Feature","id":235714,"properties":{"OBJECTID":235714,"PRIMENAME":"Agnes Avenue","ELEVTYP_F":0,"ELEVTYP_T":0},"geometry":{"type":"LineString","coordinates":[[-74.0540197124465,40.1159363185429],[-74.0541291761054,40.1160113844652],[-74.0552045294208,40.1167495029023],[-74.0563293564458,40.1175211559784],[-74.0565023726895,40.1176505187237],[-74.0578437255782,40.118546908786],[-74.0579386480488,40.1186103309356]]}},{"type":"Feature","id":236622,"properties":{"OBJECTID":236622,"PRIMENAME":"New York Avenue","ELEVTYP_F":0,"ELEVTYP_T":0},"geometry":{"type":"LineString","coordinates":[[-74.0585135599821,40.1309360507403],[-74.0588770092655,40.1310628687263]]}},{"type":"Feature","id":237160,"properties":{"OBJECTID":237160,"PRIMENAME":"South Farragut Avenue","ELEVTYP_F":0,"ELEVTYP_T":0},"geometry":{"type":"LineString","coordinates":[[-74.0471055437742,40.1160769789255],[-74.0470417911132,40.1161357534459],[-74.0465334254072,40.1166042534016]]}},{"type":"Feature","id":238776,"properties":{"OBJECTID":238776,"PRIMENAME":"Blansing Road","ELEVTYP_F":0,"ELEVTYP_T":0},"geometry":{"type":"LineString","coordinates":[[-74.0575594300661,40.1296096991729],[-74.0574926085293,40.1296723117043],[-74.0574186711471,40.1297843662424],[-74.0573815637272,40.129859143429],[-74.0573650787523,40.1299027582556],[-74.0573566214878,40.1299495336443],[-74.0573684123844,40.1300120061075],[-74.0573922765461,40.130093248157],[-74.0574203193155,40.1301589135067],[-74.0574281301514,40.1302119820084],[-74.0574195704018,40.1302743775916],[-74.0573865755225,40.1303491425684],[-74.0572715841824,40.1305265982591],[-74.0567992150467,40.1311707763546],[-74.0566028955741,40.1314384974705]]}},{"type":"Feature","id":238912,"properties":{"OBJECTID":238912,"PRIMENAME":"Timber Lane","ELEVTYP_F":0,"ELEVTYP_T":0},"geometry":{"type":"LineString","coordinates":[[-74.0354563248504,40.1066269744598],[-74.0355508939026,40.1060956160614],[-74.0355676375207,40.1060044560632]]}},{"type":"Feature","id":239494,"properties":{"OBJECTID":239494,"PRIMENAME":"Union Lane","ELEVTYP_F":0,"ELEVTYP_T":0},"geometry":{"type":"LineString","coordinates":[[-74.0608086328769,40.1128107098778],[-74.0606511690043,40.1127153945193],[-74.0601739388551,40.1124265123519],[-74.0591104831985,40.1117694990166],[-74.0581417942666,40.1111684018011]]}},{"type":"Feature","id":239902,"properties":{"OBJECTID":239902,"PRIMENAME":"Trenton Boulevard","ELEVTYP_F":0,"ELEVTYP_T":0},"geometry":{"type":"LineString","coordinates":[[-74.0334188166676,40.1276024208818],[-74.0320060657492,40.1273810496948],[-74.0316741744428,40.1273377478241],[-74.0315159730763,40.1273171073551]]}},{"type":"Feature","id":240392,"properties":{"OBJECTID":240392,"PRIMENAME":"Long Avenue","ELEVTYP_F":0,"ELEVTYP_T":0},"geometry":{"type":"LineString","coordinates":[[-74.0368535243408,40.111467844433],[-74.0369792519149,40.1114870967376],[-74.037385575871,40.1115492565054],[-74.0404022451774,40.1120106978305]]}},{"type":"Feature","id":241635,"properties":{"OBJECTID":241635,"PRIMENAME":"Lenape Trail","ELEVTYP_F":0,"ELEVTYP_T":0},"geometry":{"type":"LineString","coordinates":[[-74.0614824905583,40.1207926996655],[-74.0612275706285,40.1214638374178]]}},{"type":"Feature","id":241956,"properties":{"OBJECTID":241956,"PRIMENAME":"Sea Girt Avenue","ELEVTYP_F":0,"ELEVTYP_T":0},"geometry":{"type":"LineString","coordinates":[[-74.0478845151718,40.1316232781971],[-74.0475998100064,40.1315516490424],[-74.0474259267256,40.1315069351638]]}},{"type":"Feature","id":242184,"properties":{"OBJECTID":242184,"PRIMENAME":"Stockton Lake Boulevard","ELEVTYP_F":0,"ELEVTYP_T":0},"geometry":{"type":"LineString","coordinates":[[-74.0455321328126,40.1254128166213],[-74.0459029043992,40.1256566536314]]}},{"type":"Feature","id":242315,"properties":{"OBJECTID":242315,"PRIMENAME":"Pine Avenue","ELEVTYP_F":0,"ELEVTYP_T":0},"geometry":{"type":"LineString","coordinates":[[-74.0459366880087,40.1171542149544],[-74.0454169819896,40.1168157129379],[-74.0448438247105,40.1164394696021]]}},{"type":"Feature","id":243054,"properties":{"OBJECTID":243054,"PRIMENAME":"Cardeza Avenue","ELEVTYP_F":0,"ELEVTYP_T":0},"geometry":{"type":"LineString","coordinates":[[-74.0537870620855,40.1109267013872],[-74.0537023961814,40.1110195783854],[-74.0536024520385,40.1111192867002],[-74.0535025671054,40.1112046931284],[-74.0533778324041,40.1112900027477],[-74.0532408553461,40.1113609620827],[-74.0532124683037,40.1113735234622],[-74.0530913953335,40.1114270958391],[-74.0529793556678,40.111479098828],[-74.0529125054471,40.1115209542684]]}},{"type":"Feature","id":243147,"properties":{"OBJECTID":243147,"PRIMENAME":"Lakewood Road","ELEVTYP_F":0,"ELEVTYP_T":0},"geometry":{"type":"LineString","coordinates":[[-74.0604945497263,40.1227434312204],[-74.0605269290916,40.1227507577829],[-74.0605864917055,40.1227640995817],[-74.0607259027552,40.1227953274364]]}},{"type":"Feature","id":243215,"properties":{"OBJECTID":243215,"PRIMENAME":"South Jackson Avenue","ELEVTYP_F":0,"ELEVTYP_T":0},"geometry":{"type":"LineString","coordinates":[[-74.0438962833059,40.1149083665201],[-74.0444810741402,40.114379809142]]}},{"type":"Feature","id":243216,"properties":{"OBJECTID":243216,"PRIMENAME":"Glimmer Glass Circle","ELEVTYP_F":0,"ELEVTYP_T":0},"geometry":{"type":"LineString","coordinates":[[-74.0424733137951,40.1114373496404],[-74.0424444256967,40.1115331362576],[-74.0423824235802,40.1117851361245],[-74.0423854227529,40.1119061373623]]}},{"type":"Feature","id":244673,"properties":{"OBJECTID":244673,"PRIMENAME":"Minnesink Road","ELEVTYP_F":0,"ELEVTYP_T":0},"geometry":{"type":"LineString","coordinates":[[-74.0595810197022,40.1239819749044],[-74.0592932744031,40.1239202884365],[-74.059247984231,40.1238840156788]]}},{"type":"Feature","id":245026,"properties":{"OBJECTID":245026,"PRIMENAME":"Cedar Avenue","ELEVTYP_F":0,"ELEVTYP_T":0},"geometry":{"type":"LineString","coordinates":[[-74.0465730111317,40.1184666003261],[-74.0461156805079,40.1181672733703],[-74.0453607476856,40.1176836653018]]}},{"type":"Feature","id":245946,"properties":{"OBJECTID":245946,"PRIMENAME":"Glimmer Glass Circle","ELEVTYP_F":0,"ELEVTYP_T":0},"geometry":{"type":"LineString","coordinates":[[-74.0429384252569,40.1124161368179],[-74.0429844234336,40.1123631363239],[-74.0430174251107,40.1122901370022]]}},{"type":"Feature","id":246389,"properties":{"OBJECTID":246389,"PRIMENAME":"McLean Avenue","ELEVTYP_F":0,"ELEVTYP_T":0},"geometry":{"type":"LineString","coordinates":[[-74.0439832985482,40.1214362063265],[-74.0438903686413,40.1213756637281],[-74.0427203925064,40.1206133549661],[-74.042355911285,40.120375867903]]}},{"type":"Feature","id":247044,"properties":{"OBJECTID":247044,"PRIMENAME":"2nd Avenue","ELEVTYP_F":0,"ELEVTYP_T":0},"geometry":{"type":"LineString","coordinates":[[-74.0336909851296,40.126575403819],[-74.0334520728929,40.1274774514955],[-74.0334188166676,40.1276024208818]]}},{"type":"Feature","id":247260,"properties":{"OBJECTID":247260,"PRIMENAME":"Boston Avenue","ELEVTYP_F":0,"ELEVTYP_T":0},"geometry":{"type":"LineString","coordinates":[[-74.0404512103744,40.1015097746336],[-74.0404455009936,40.1016410049325],[-74.0404109437906,40.1018570062296]]}},{"type":"Feature","id":247323,"properties":{"OBJECTID":247323,"PRIMENAME":"North Farragut Avenue","ELEVTYP_F":0,"ELEVTYP_T":0},"geometry":{"type":"LineString","coordinates":[[-74.0431647023603,40.119647273917],[-74.0427242060784,40.1200440947484],[-74.042355911285,40.120375867903]]}},{"type":"Feature","id":247826,"properties":{"OBJECTID":247826,"PRIMENAME":"Leslie Avenue","ELEVTYP_F":0,"ELEVTYP_T":0},"geometry":{"type":"LineString","coordinates":[[-74.0496483355245,40.1096688454417],[-74.0492767985077,40.1100396627618],[-74.0488769219645,40.1104238761025]]}},{"type":"Feature","id":247922,"properties":{"OBJECTID":247922,"PRIMENAME":"Riverside Drive","ELEVTYP_F":0,"ELEVTYP_T":0},"geometry":{"type":"LineString","coordinates":[[-74.0349343646031,40.1036671714512],[-74.0354181851133,40.1039296967591]]}},{"type":"Feature","id":248633,"properties":{"OBJECTID":248633,"PRIMENAME":"Ashley Avenue","ELEVTYP_F":0,"ELEVTYP_T":0},"geometry":{"type":"LineString","coordinates":[[-74.0556684559019,40.1058588279085],[-74.0552387054942,40.1062664758763],[-74.0551570901326,40.1063476432726]]}},{"type":"Feature","id":248653,"properties":{"OBJECTID":248653,"PRIMENAME":"The Crescent","ELEVTYP_F":0,"ELEVTYP_T":0},"geometry":{"type":"LineString","coordinates":[[-74.0328626101938,40.1286332599277],[-74.0327933024534,40.1284709255015],[-74.0327013217695,40.128308499546],[-74.0326030166151,40.1281555745346],[-74.0324798272848,40.1280121025496],[-74.0323441929425,40.1278686071979],[-74.0321837406697,40.1277249294733],[-74.0319922803902,40.1275764039285],[-74.0318625144482,40.1274900621769],[-74.0317814222884,40.127446495163],[-74.0317016711069,40.1274036486585],[-74.0315159730763,40.1273171073551]]}},{"type":"Feature","id":250110,"properties":{"OBJECTID":250110,"PRIMENAME":"Mohegan Road","ELEVTYP_F":0,"ELEVTYP_T":0},"geometry":{"type":"LineString","coordinates":[[-74.0604687442979,40.1234673887847],[-74.060581803014,40.123492369613],[-74.0609170196246,40.1235664371694],[-74.0628699111037,40.1240027774307],[-74.0638184855588,40.1242160678687],[-74.0642986890103,40.1243233494023],[-74.0644146280698,40.1243346297808]]}},{"type":"Feature","id":250484,"properties":{"OBJECTID":250484,"PRIMENAME":"FR RAMP A101500 to RT 71 SB","ELEVTYP_F":0,"ELEVTYP_T":0},"geometry":{"type":"LineString","coordinates":[[-74.0586927546008,40.110447334363],[-74.0587075203207,40.1104470113944],[-74.0587222789334,40.1104465338833],[-74.0587370276952,40.1104459019183],[-74.0587517638645,40.1104451156169]]}},{"type":"Feature","id":250572,"properties":{"OBJECTID":250572,"PRIMENAME":"3rd Avenue","ELEVTYP_F":0,"ELEVTYP_T":0},"geometry":{"type":"LineString","coordinates":[[-74.0357320405419,40.1279647895202],[-74.0360061610165,40.1269403553135]]}},{"type":"Feature","id":251250,"properties":{"OBJECTID":251250,"PRIMENAME":"Perrine Boulevard","ELEVTYP_F":0,"ELEVTYP_T":0},"geometry":{"type":"LineString","coordinates":[[-74.0475769688291,40.1163631467436],[-74.0472031964756,40.1161363845765],[-74.0471055437742,40.1160769789255]]}},{"type":"Feature","id":252661,"properties":{"OBJECTID":252661,"PRIMENAME":"3rd Avenue","ELEVTYP_F":0,"ELEVTYP_T":0},"geometry":{"type":"LineString","coordinates":[[-74.0355412631288,40.1149440967601],[-74.0353055349446,40.1147912989549]]}},{"type":"Feature","id":253135,"properties":{"OBJECTID":253135,"PRIMENAME":"Central Avenue","ELEVTYP_F":0,"ELEVTYP_T":0},"geometry":{"type":"LineString","coordinates":[[-74.0565929500403,40.1244157472973],[-74.0565331010601,40.1244626276287],[-74.0561274968999,40.1247804066439],[-74.0558017175889,40.1250311758396]]}},{"type":"Feature","id":253729,"properties":{"OBJECTID":253729,"PRIMENAME":"Narrumson Road","ELEVTYP_F":0,"ELEVTYP_T":0},"geometry":{"type":"LineString","coordinates":[[-74.060975410655,40.1221275462156],[-74.0612001381646,40.1221775609569],[-74.0617622378277,40.1223026564109],[-74.0637212851988,40.1227390056556],[-74.0646450824496,40.1229378651835],[-74.0647196687717,40.1229340546166]]}},{"type":"Feature","id":253843,"properties":{"OBJECTID":253843,"PRIMENAME":"Camden Avenue","ELEVTYP_F":0,"ELEVTYP_T":0},"geometry":{"type":"LineString","coordinates":[[-74.058506807273,40.1316811806887],[-74.0587007516011,40.1313565609256]]}},{"type":"Feature","id":253904,"properties":{"OBJECTID":253904,"PRIMENAME":"South Street","ELEVTYP_F":0,"ELEVTYP_T":0},"geometry":{"type":"LineString","coordinates":[[-74.0608434485697,40.1163977704374],[-74.0613681886268,40.1159198528172],[-74.0614237872898,40.1158703733366]]}},{"type":"Feature","id":254058,"properties":{"OBJECTID":254058,"PRIMENAME":"Sea Girt Avenue","ELEVTYP_F":0,"ELEVTYP_T":0},"geometry":{"type":"LineString","coordinates":[[-74.0474259267256,40.1315069351638],[-74.0465274214543,40.1312757803766],[-74.046325836019,40.1312239283255]]}},{"type":"Feature","id":254485,"properties":{"OBJECTID":254485,"PRIMENAME":"FR NNP to RAMP Y101490","ELEVTYP_F":0,"ELEVTYP_T":0},"geometry":{"type":"LineString","coordinates":[[-74.0589518321511,40.1086648895747],[-74.0588969494907,40.1087369094948],[-74.0588834070936,40.1087525195001],[-74.0588678398768,40.1087669736251],[-74.058850413922,40.1087801176619],[-74.0588313151421,40.10879181138],[-74.0588125124919,40.1088011495734],[-74.0587926438549,40.1088090803887],[-74.0587718873704,40.1088155327193],[-74.0587504291379,40.1088204487145],[-74.0587284615489,40.1088237842981],[-74.0587061815621,40.1088255095637],[-74.0586837889367,40.1088256090429],[-74.0586614844422,40.1088240818437],[-74.0585944762299,40.1088138333548],[-74.0585167470806,40.1087919043645],[-74.0584347332486,40.108763397471],[-74.0583635319096,40.1087382264666],[-74.058270656737,40.1087195883186],[-74.0582070620031,40.1087068270932]]}},{"type":"Feature","id":254754,"properties":{"OBJECTID":254754,"PRIMENAME":"The Plaza","ELEVTYP_F":0,"ELEVTYP_T":0},"geometry":{"type":"LineString","coordinates":[[-74.041744076249,40.1308763436357],[-74.0416990122433,40.1309563010362],[-74.0414591992005,40.131388366756]]}},{"type":"Feature","id":255203,"properties":{"OBJECTID":255203,"PRIMENAME":"Channel Drive","ELEVTYP_F":0,"ELEVTYP_T":0},"geometry":{"type":"LineString","coordinates":[[-74.0404512103744,40.1015097746336],[-74.0403279541949,40.1015136502918],[-74.0402683962305,40.101513413918],[-74.0401790796785,40.1015102041956],[-74.0393565308603,40.1014383033691],[-74.0392969377839,40.1014380663562],[-74.0392917958225,40.1014387619522],[-74.0392559300527,40.1014436136131],[-74.0392037695764,40.1014491164877],[-74.0391255320073,40.1014516874183],[-74.039078074629,40.1014490487043],[-74.0390697115266,40.1014485830935],[-74.0390027983024,40.1014311586679],[-74.0389323215062,40.1013908515168],[-74.0388211279565,40.1013131837451],[-74.0384135692169,40.1010027400576],[-74.0383840223714,40.100968306043],[-74.0383730425646,40.1009425115754],[-74.0383696144218,40.1008996160917],[-74.038334143459,40.1006362824686]]}},{"type":"Feature","id":255931,"properties":{"OBJECTID":255931,"PRIMENAME":"Allen Avenue","ELEVTYP_F":0,"ELEVTYP_T":0},"geometry":{"type":"LineString","coordinates":[[-74.0537509168656,40.1236226412629],[-74.0539920867647,40.1237713224407],[-74.0540290325313,40.1238143463842],[-74.0540350064613,40.1238524738168],[-74.0540843667401,40.123900349806],[-74.0557164374411,40.124974240602],[-74.0558017175889,40.1250311758396]]}},{"type":"Feature","id":256537,"properties":{"OBJECTID":256537,"PRIMENAME":"Courtyard Lane","ELEVTYP_F":0,"ELEVTYP_T":0},"geometry":{"type":"LineString","coordinates":[[-74.0602105087195,40.1093111622902],[-74.060224930631,40.1094179702577],[-74.0601944990001,40.1094503434423],[-74.0599526667269,40.1094563872265],[-74.059928787919,40.1094098822211],[-74.0599444380713,40.1093263974178],[-74.0602105087195,40.1093111622902]]}},{"type":"Feature","id":257818,"properties":{"OBJECTID":257818,"PRIMENAME":"Philadelphia Boulevard","ELEVTYP_F":0,"ELEVTYP_T":0},"geometry":{"type":"LineString","coordinates":[[-74.0367377497603,40.1325481568716],[-74.0377381094447,40.1327040240734],[-74.0385187649069,40.1328277932257]]}},{"type":"Feature","id":258157,"properties":{"OBJECTID":258157,"PRIMENAME":"Cemetery Avenue","ELEVTYP_F":0,"ELEVTYP_T":0},"geometry":{"type":"LineString","coordinates":[[-74.055672458141,40.1269615289045],[-74.0562127723655,40.1264989593716]]}},{"type":"Feature","id":258506,"properties":{"OBJECTID":258506,"PRIMENAME":"FR EVERGREEN AVE TO A101490","ELEVTYP_F":0,"ELEVTYP_T":0},"geometry":{"type":"LineString","coordinates":[[-74.0558342851354,40.1078140658899],[-74.0558146733751,40.1077950084983],[-74.0557941490017,40.1077765263984],[-74.0557727406136,40.1077586453422],[-74.0557504780407,40.1077413902443],[-74.0557273923033,40.1077247851469],[-74.0557035155682,40.1077088531866],[-74.0556788811044,40.1076936165622],[-74.0556535232368,40.1076790965035],[-74.0556274772979,40.1076653132419],[-74.055600779579,40.1076522859822],[-74.0555734672794,40.1076400328757],[-74.0555455784549,40.1076285709952],[-74.0555171519641,40.107617916311],[-74.0554882274151,40.1076080836686],[-74.0554588451098,40.1075990867683],[-74.0554290459876,40.1075909381456]]}},{"type":"Feature","id":258568,"properties":{"OBJECTID":258568,"PRIMENAME":"Brielle Avenue","ELEVTYP_F":0,"ELEVTYP_T":0},"geometry":{"type":"LineString","coordinates":[[-74.0515931733428,40.1116631119571],[-74.0515064296455,40.1117450800624],[-74.0511630417361,40.112048780447],[-74.0511005022216,40.112120053596],[-74.0510690909509,40.1121771165238],[-74.0510687770686,40.1122248553686]]}},{"type":"Feature","id":258593,"properties":{"OBJECTID":258593,"PRIMENAME":"Waters Edge","ELEVTYP_F":0,"ELEVTYP_T":0},"geometry":{"type":"LineString","coordinates":[[-74.0479520694693,40.1121080171267],[-74.0483062410737,40.1120578390281]]}},{"type":"Feature","id":258768,"properties":{"OBJECTID":258768,"PRIMENAME":"Lenape Trail","ELEVTYP_F":0,"ELEVTYP_T":0},"geometry":{"type":"LineString","coordinates":[[-74.0607259027552,40.1227953274364],[-74.0606674878255,40.1229479910785],[-74.0605839014396,40.1231664353888],[-74.0604687442979,40.1234673887847]]}},{"type":"Feature","id":258782,"properties":{"OBJECTID":258782,"PRIMENAME":"Ashley Avenue","ELEVTYP_F":0,"ELEVTYP_T":0},"geometry":{"type":"LineString","coordinates":[[-74.054782731313,40.1067198412574],[-74.0547070170613,40.1067951125852],[-74.0545210411982,40.1069800041896],[-74.0544889783934,40.1070118823398],[-74.0544751270348,40.1070251160218],[-74.0544489347632,40.1070501985276],[-74.0544276728501,40.1070705605699]]}},{"type":"Feature","id":258934,"properties":{"OBJECTID":258934,"PRIMENAME":"Camden Avenue","ELEVTYP_F":0,"ELEVTYP_T":0},"geometry":{"type":"LineString","coordinates":[[-74.0587007516011,40.1313565609256],[-74.0588499372774,40.1311068550422],[-74.0588770092655,40.1310628687263]]}},{"type":"Feature","id":259560,"properties":{"OBJECTID":259560,"PRIMENAME":"Perrine Boulevard","ELEVTYP_F":0,"ELEVTYP_T":0},"geometry":{"type":"LineString","coordinates":[[-74.0419674582104,40.1136385475629],[-74.0415390215202,40.1137405422859],[-74.0411347531875,40.1138533385467],[-74.0409980799395,40.1138766264717],[-74.0406998336789,40.1139087713586],[-74.0403148416137,40.1139358777375],[-74.0402153169127,40.1139593121725],[-74.040109477997,40.1140018007109],[-74.0399723172776,40.1140917687786],[-74.0399273160398,40.1141319183056]]}},{"type":"Feature","id":260265,"properties":{"OBJECTID":260265,"PRIMENAME":"5th Avenue","ELEVTYP_F":0,"ELEVTYP_T":0},"geometry":{"type":"LineString","coordinates":[[-74.0385187649069,40.1328277932257],[-74.0387618313363,40.1319073865328],[-74.0387892691792,40.1318060300868]]}},{"type":"Feature","id":260566,"properties":{"OBJECTID":260566,"PRIMENAME":"South Street","ELEVTYP_F":0,"ELEVTYP_T":0},"geometry":{"type":"LineString","coordinates":[[-74.0599971972468,40.1171594267943],[-74.0602629779031,40.1169165715098],[-74.0606262100019,40.1165937953602],[-74.0607062650721,40.1165226556048],[-74.0608434485697,40.1163977704374]]}},{"type":"Feature","id":260926,"properties":{"OBJECTID":260926,"PRIMENAME":"Riverview Drive","ELEVTYP_F":0,"ELEVTYP_T":0},"geometry":{"type":"LineString","coordinates":[[-74.0591687552861,40.1061106602776],[-74.058890435704,40.1064353582526],[-74.0588804247748,40.1064465481152]]}},{"type":"Feature","id":261069,"properties":{"OBJECTID":261069,"PRIMENAME":"3rd Avenue","ELEVTYP_F":0,"ELEVTYP_T":0},"geometry":{"type":"LineString","coordinates":[[-74.0350061466003,40.130676729775],[-74.035136251418,40.1301908634282]]}},{"type":"Feature","id":261503,"properties":{"OBJECTID":261503,"PRIMENAME":"Unnamed Segment","ELEVTYP_F":0,"ELEVTYP_T":0},"geometry":{"type":"LineString","coordinates":[[-74.0410614238047,40.1241531399863],[-74.0408084247999,40.1239821389925],[-74.040382424839,40.123676138921],[-74.0402544242324,40.1235761393023]]}},{"type":"Feature","id":261648,"properties":{"OBJECTID":261648,"PRIMENAME":"South Farragut Avenue","ELEVTYP_F":0,"ELEVTYP_T":0},"geometry":{"type":"LineString","coordinates":[[-74.0447799207036,40.1181989824546],[-74.0442811385772,40.1186414296895],[-74.0440229451588,40.1188740407891],[-74.0439737645974,40.11891834648]]}},{"type":"Feature","id":262052,"properties":{"OBJECTID":262052,"PRIMENAME":"North Farragut Avenue","ELEVTYP_F":0,"ELEVTYP_T":0},"geometry":{"type":"LineString","coordinates":[[-74.0439737645974,40.11891834648],[-74.0431647023603,40.119647273917]]}},{"type":"Feature","id":262922,"properties":{"OBJECTID":262922,"PRIMENAME":"Union Lane","ELEVTYP_F":0,"ELEVTYP_T":0},"geometry":{"type":"LineString","coordinates":[[-74.0526093345527,40.1077362675278],[-74.0520687550557,40.1074005352021]]}},{"type":"Feature","id":263304,"properties":{"OBJECTID":263304,"PRIMENAME":"Unnamed Segment","ELEVTYP_F":0,"ELEVTYP_T":0},"geometry":{"type":"LineString","coordinates":[[-74.0402544242324,40.1235761393023],[-74.0393300417882,40.1228650835696],[-74.0388675531635,40.1225100984479],[-74.0385984237757,40.1222801397138],[-74.0382507846251,40.1220033919564],[-74.038091488336,40.1218773533107],[-74.037606912954,40.1215410101974],[-74.0372826009945,40.1213163195342],[-74.0366111005815,40.1208510801283],[-74.0362464238238,40.1204821395503],[-74.0361014211458,40.1203431377609]]}},{"type":"Feature","id":264721,"properties":{"OBJECTID":264721,"PRIMENAME":"1st Avenue","ELEVTYP_F":0,"ELEVTYP_T":0},"geometry":{"type":"LineString","coordinates":[[-74.0320267482299,40.1243805269906],[-74.0322050615415,40.1237119712824],[-74.0322524120252,40.1235343500565]]}},{"type":"Feature","id":264807,"properties":{"OBJECTID":264807,"PRIMENAME":"Euclid Avenue","ELEVTYP_F":0,"ELEVTYP_T":0},"geometry":{"type":"LineString","coordinates":[[-74.039337125001,40.1146556269134],[-74.0407940033261,40.115601156077],[-74.0408948217368,40.115667579734]]}},{"type":"Feature","id":267440,"properties":{"OBJECTID":267440,"PRIMENAME":"Boston Boulevard","ELEVTYP_F":0,"ELEVTYP_T":0},"geometry":{"type":"LineString","coordinates":[[-74.0387892691792,40.1318060300868],[-74.0371312012125,40.1315481932461],[-74.0370096934721,40.131528819277]]}},{"type":"Feature","id":268545,"properties":{"OBJECTID":268545,"PRIMENAME":"Minerva Avenue","ELEVTYP_F":0,"ELEVTYP_T":0},"geometry":{"type":"LineString","coordinates":[[-74.0431871900109,40.1221753974409],[-74.0431022301984,40.1222542911588],[-74.0427069678988,40.1226171460522],[-74.0425025524728,40.1228047991954],[-74.042423510489,40.1228773470301],[-74.042406623072,40.1228928468646]]}},{"type":"Feature","id":268938,"properties":{"OBJECTID":268938,"PRIMENAME":"Unnamed Segment","ELEVTYP_F":0,"ELEVTYP_T":0},"geometry":{"type":"LineString","coordinates":[[-74.0559825391693,40.1070191000866],[-74.055991490955,40.106884944379],[-74.0560139256995,40.1067503179521],[-74.056041578061,40.1066488478602],[-74.0560801668509,40.1065535686789],[-74.0561146381222,40.1065086780551],[-74.0561727082578,40.1064524571153],[-74.0562622235546,40.106365718785],[-74.0563402928409,40.106290878776]]}},{"type":"Feature","id":269510,"properties":{"OBJECTID":269510,"PRIMENAME":"3rd Avenue","ELEVTYP_F":0,"ELEVTYP_T":0},"geometry":{"type":"LineString","coordinates":[[-74.0360882878768,40.1104635701647],[-74.0360535859167,40.1106874475401],[-74.0356529139224,40.1130069391092],[-74.0356364362069,40.1131058414818]]}},{"type":"Feature","id":270408,"properties":{"OBJECTID":270408,"PRIMENAME":"Unnamed Segment","ELEVTYP_F":0,"ELEVTYP_T":0},"geometry":{"type":"LineString","coordinates":[[-74.0440467124268,40.126070351953],[-74.044015425671,40.1259671390001],[-74.0439794243161,40.12591313985],[-74.043949425798,40.1258791397325],[-74.043902425505,40.1258371403128],[-74.0435164248321,40.1256271395986],[-74.0432864252302,40.1255071387466],[-74.0429524250422,40.1253161385124],[-74.0426898069475,40.1251783398901],[-74.0426894257954,40.1251781393335],[-74.0420294245608,40.1247801401743],[-74.0410614238047,40.1241531399863]]}},{"type":"Feature","id":270466,"properties":{"OBJECTID":270466,"PRIMENAME":"Sea Girt Avenue","ELEVTYP_F":0,"ELEVTYP_T":0},"geometry":{"type":"LineString","coordinates":[[-74.0382521964738,40.1272944711941],[-74.0387227112114,40.1275891040554],[-74.0396871853381,40.1281982785846],[-74.0397534628838,40.1282397492466]]}},{"type":"Feature","id":271040,"properties":{"OBJECTID":271040,"PRIMENAME":"Jefferson Avenue","ELEVTYP_F":0,"ELEVTYP_T":0},"geometry":{"type":"LineString","coordinates":[[-74.0604530028118,40.1323799306666],[-74.0598529810286,40.1321707941261],[-74.0585644599723,40.1317035816324],[-74.058506807273,40.1316811806887]]}},{"type":"Feature","id":271507,"properties":{"OBJECTID":271507,"PRIMENAME":"Manito Road","ELEVTYP_F":0,"ELEVTYP_T":0},"geometry":{"type":"LineString","coordinates":[[-74.0647240801033,40.1222423385039],[-74.064104074839,40.1221113075208],[-74.0632794978115,40.1219223164964],[-74.061594193798,40.1215457616071],[-74.0614568943728,40.1215150823014],[-74.0614084903631,40.1215042664]]}},{"type":"Feature","id":271635,"properties":{"OBJECTID":271635,"PRIMENAME":"Captains Court","ELEVTYP_F":0,"ELEVTYP_T":0},"geometry":{"type":"LineString","coordinates":[[-74.0383629769677,40.1125654841862],[-74.0384492308156,40.1125796372841],[-74.0385026681948,40.1125980513155],[-74.0385278145697,40.1126230239973],[-74.0385543838664,40.1126490453389],[-74.0385598069427,40.1126825599125],[-74.0385576840113,40.1126948314287],[-74.038555565887,40.1127070858509],[-74.0385453909674,40.112731148612],[-74.0385128948094,40.1127515268909],[-74.0384677923987,40.1127589246567],[-74.0384298133689,40.1127544626184],[-74.0383976018632,40.1127381092593],[-74.0383738283662,40.1127110010872],[-74.0383629769677,40.1125654841862]]}},{"type":"Feature","id":271895,"properties":{"OBJECTID":271895,"PRIMENAME":"Ridge Avenue","ELEVTYP_F":0,"ELEVTYP_T":0},"geometry":{"type":"LineString","coordinates":[[-74.0532995801776,40.1295658116227],[-74.0534706730018,40.129637464346],[-74.0540404276731,40.1298636763868],[-74.0542447579862,40.1299502533087],[-74.0543934133634,40.1300080098973],[-74.0543946605774,40.1300085632135]]}},{"type":"Feature","id":272103,"properties":{"OBJECTID":272103,"PRIMENAME":"Church Street","ELEVTYP_F":0,"ELEVTYP_T":0},"geometry":{"type":"LineString","coordinates":[[-74.0565929500403,40.1244157472973],[-74.0564162456088,40.1242953757444],[-74.0558669877015,40.1239260321308]]}},{"type":"Feature","id":272127,"properties":{"OBJECTID":272127,"PRIMENAME":"Chester Avenue","ELEVTYP_F":0,"ELEVTYP_T":0},"geometry":{"type":"LineString","coordinates":[[-74.0529125054471,40.1115209542684],[-74.0528734075957,40.1115454281504],[-74.0527670456708,40.1116641641107],[-74.0525042722952,40.111987259015],[-74.052425152367,40.1120845491403]]}},{"type":"Feature","id":272355,"properties":{"OBJECTID":272355,"PRIMENAME":"Warren Avenue","ELEVTYP_F":0,"ELEVTYP_T":0},"geometry":{"type":"LineString","coordinates":[[-74.0466070593411,40.120640762454],[-74.0466711389627,40.1205334524104],[-74.0473937478169,40.1199009342934]]}},{"type":"Feature","id":272578,"properties":{"OBJECTID":272578,"PRIMENAME":"Cresent Parkway","ELEVTYP_F":0,"ELEVTYP_T":0},"geometry":{"type":"LineString","coordinates":[[-74.035136251418,40.1301908634282],[-74.0339563815423,40.1300055358698],[-74.0329949880956,40.129853884056],[-74.0328598362536,40.1298325574734]]}},{"type":"Feature","id":273468,"properties":{"OBJECTID":273468,"PRIMENAME":"Sandy Court","ELEVTYP_F":0,"ELEVTYP_T":0},"geometry":{"type":"LineString","coordinates":[[-74.0583539829965,40.1070359271023],[-74.0585065146754,40.107130146025],[-74.0591847095571,40.1075490581275],[-74.0592857991658,40.1075669549101],[-74.0594653010484,40.1075987331562]]}},{"type":"Feature","id":273581,"properties":{"OBJECTID":273581,"PRIMENAME":"Union Avenue","ELEVTYP_F":0,"ELEVTYP_T":0},"geometry":{"type":"LineString","coordinates":[[-74.055836028916,40.1138342752969],[-74.0556061729649,40.1141000998309],[-74.0553430241531,40.1144045319544]]}},{"type":"Feature","id":273779,"properties":{"OBJECTID":273779,"PRIMENAME":"Lenape Trail","ELEVTYP_F":0,"ELEVTYP_T":0},"geometry":{"type":"LineString","coordinates":[[-74.0612275706285,40.1214638374178],[-74.0611580316287,40.1216468744886],[-74.0610036610567,40.1220531602176]]}},{"type":"Feature","id":274342,"properties":{"OBJECTID":274342,"PRIMENAME":"Evergreen Avenue","ELEVTYP_F":0,"ELEVTYP_T":0},"geometry":{"type":"LineString","coordinates":[[-74.0543004284923,40.1069531363769],[-74.0544276728501,40.1070705605699]]}},{"type":"Feature","id":274432,"properties":{"OBJECTID":274432,"PRIMENAME":"Riverview Drive","ELEVTYP_F":0,"ELEVTYP_T":0},"geometry":{"type":"LineString","coordinates":[[-74.0580394431308,40.1073930537602],[-74.0575773091657,40.1079269254368],[-74.0575068858341,40.1080079723913]]}},{"type":"Feature","id":275610,"properties":{"OBJECTID":275610,"PRIMENAME":"Brielle Road","ELEVTYP_F":0,"ELEVTYP_T":0},"geometry":{"type":"LineString","coordinates":[[-74.0427999007489,40.1114867630328],[-74.0427815384524,40.111484005597],[-74.0425980128846,40.1114564386682],[-74.0424733137951,40.1114373496404]]}},{"type":"Feature","id":275660,"properties":{"OBJECTID":275660,"PRIMENAME":"Cresent Parkway","ELEVTYP_F":0,"ELEVTYP_T":0},"geometry":{"type":"LineString","coordinates":[[-74.0373185709414,40.1303782941642],[-74.0351764740485,40.1300404727138]]}},{"type":"Feature","id":275767,"properties":{"OBJECTID":275767,"PRIMENAME":"East Main Street","ELEVTYP_F":0,"ELEVTYP_T":0},"geometry":{"type":"LineString","coordinates":[[-74.0439737645974,40.11891834648],[-74.0451564815959,40.1196928890126],[-74.0451994205334,40.1197209492001]]}},{"type":"Feature","id":275828,"properties":{"OBJECTID":275828,"PRIMENAME":"Harborhead Drive","ELEVTYP_F":0,"ELEVTYP_T":0},"geometry":{"type":"LineString","coordinates":[[-74.0358463892429,40.1018448034642],[-74.0356730513698,40.1018171601067],[-74.0355737580579,40.101799447174],[-74.0354766252747,40.1017756982959],[-74.0353822748305,40.1017460636849],[-74.0352913106638,40.1017107340149],[-74.0344172725246,40.1012473204287]]}},{"type":"Feature","id":276279,"properties":{"OBJECTID":276279,"PRIMENAME":"2nd Avenue","ELEVTYP_F":0,"ELEVTYP_T":0},"geometry":{"type":"LineString","coordinates":[[-74.0345834997317,40.1139077726321],[-74.0344302380244,40.1148006140485]]}},{"type":"Feature","id":276905,"properties":{"OBJECTID":276905,"PRIMENAME":"Unnamed Segment","ELEVTYP_F":0,"ELEVTYP_T":0},"geometry":{"type":"LineString","coordinates":[[-74.0504401007421,40.112060087699],[-74.0504444254906,40.1115901363243],[-74.0504284276814,40.1112141369611]]}},{"type":"Feature","id":276953,"properties":{"OBJECTID":276953,"PRIMENAME":"North Jackson Avenue","ELEVTYP_F":0,"ELEVTYP_T":0},"geometry":{"type":"LineString","coordinates":[[-74.0392848927946,40.1190681032599],[-74.0396616268374,40.1187375847773],[-74.0397359935047,40.1186703459533]]}},{"type":"Feature","id":278233,"properties":{"OBJECTID":278233,"PRIMENAME":"Unnamed Segment","ELEVTYP_F":0,"ELEVTYP_T":0},"geometry":{"type":"LineString","coordinates":[[-74.0419901388122,40.1280807413762],[-74.0419300900178,40.1281678253124],[-74.0415873955755,40.1284155844499],[-74.041382632619,40.1286005544817],[-74.0408063737533,40.1289004283596]]}},{"type":"Feature","id":278266,"properties":{"OBJECTID":278266,"PRIMENAME":"Unnamed Segment","ELEVTYP_F":0,"ELEVTYP_T":0},"geometry":{"type":"LineString","coordinates":[[-74.0530754283025,40.1072791363486],[-74.0534103471164,40.1075067721577],[-74.0537276394071,40.1077410059768]]}},{"type":"Feature","id":278346,"properties":{"OBJECTID":278346,"PRIMENAME":"Union Lane","ELEVTYP_F":0,"ELEVTYP_T":0},"geometry":{"type":"LineString","coordinates":[[-74.062422138152,40.1137944741628],[-74.0620042770724,40.1135343972758],[-74.0619545745717,40.1135043145741]]}},{"type":"Feature","id":278443,"properties":{"OBJECTID":278443,"PRIMENAME":"Beach Front","ELEVTYP_F":0,"ELEVTYP_T":0},"geometry":{"type":"LineString","coordinates":[[-74.0336038743954,40.1100942820495],[-74.0337587110729,40.1091196693775],[-74.033895482244,40.1082971711035]]}},{"type":"Feature","id":278976,"properties":{"OBJECTID":278976,"PRIMENAME":"Timber Lane","ELEVTYP_F":0,"ELEVTYP_T":0},"geometry":{"type":"LineString","coordinates":[[-74.0355676375207,40.1060044560632],[-74.0356835616688,40.1053711954488]]}},{"type":"Feature","id":279540,"properties":{"OBJECTID":279540,"PRIMENAME":"Perrine Boulevard","ELEVTYP_F":0,"ELEVTYP_T":0},"geometry":{"type":"LineString","coordinates":[[-74.048371669275,40.1168462416569],[-74.0480254993987,40.1166352608408],[-74.0475769688291,40.1163631467436]]}},{"type":"Feature","id":279694,"properties":{"OBJECTID":279694,"PRIMENAME":"Stockton Boulevard","ELEVTYP_F":0,"ELEVTYP_T":0},"geometry":{"type":"LineString","coordinates":[[-74.0336909851296,40.126575403819],[-74.0316660335137,40.1262596505406],[-74.031530030975,40.1262384009275]]}},{"type":"Feature","id":279728,"properties":{"OBJECTID":279728,"PRIMENAME":"Main Street","ELEVTYP_F":0,"ELEVTYP_T":0},"geometry":{"type":"LineString","coordinates":[[-74.0497301283153,40.1226877609663],[-74.0500772699369,40.1229073337474],[-74.0504912777431,40.1231691955509],[-74.050612047235,40.1232500198483]]}},{"type":"Feature","id":279754,"properties":{"OBJECTID":279754,"PRIMENAME":"Gertrude Place","ELEVTYP_F":0,"ELEVTYP_T":0},"geometry":{"type":"LineString","coordinates":[[-74.0571422856516,40.1227847816175],[-74.0570534186884,40.1227297556943],[-74.0563017463217,40.1222640210501]]}},{"type":"Feature","id":279955,"properties":{"OBJECTID":279955,"PRIMENAME":"Ivanhoe Path","ELEVTYP_F":0,"ELEVTYP_T":0},"geometry":{"type":"LineString","coordinates":[[-74.0597724170896,40.1246453320323],[-74.0598481367337,40.1246824335769],[-74.0600833157474,40.1247977241912],[-74.060163751875,40.124840911367],[-74.0602815750053,40.1248651873292],[-74.0605725786736,40.1249250607135],[-74.06113105299,40.1250399631933],[-74.0626935051943,40.1253747599453],[-74.0637351544471,40.125593178794],[-74.0638392623076,40.1256151765781]]}},{"type":"Feature","id":280276,"properties":{"OBJECTID":280276,"PRIMENAME":"Minerva Avenue","ELEVTYP_F":0,"ELEVTYP_T":0},"geometry":{"type":"LineString","coordinates":[[-74.0439832985482,40.1214362063265],[-74.0431871900109,40.1221753974409]]}},{"type":"Feature","id":280640,"properties":{"OBJECTID":280640,"PRIMENAME":"Riverview Drive","ELEVTYP_F":0,"ELEVTYP_T":0},"geometry":{"type":"LineString","coordinates":[[-74.0584372096721,40.1069427484115],[-74.0583539829965,40.1070359271023]]}},{"type":"Feature","id":281780,"properties":{"OBJECTID":281780,"PRIMENAME":"Legg Place","ELEVTYP_F":0,"ELEVTYP_T":0},"geometry":{"type":"LineString","coordinates":[[-74.0602025667806,40.1134248778665],[-74.0602484986503,40.1133800187762],[-74.0606495149906,40.1129724364942],[-74.0607483832328,40.1128719488499],[-74.0608086328769,40.1128107098778]]}},{"type":"Feature","id":282067,"properties":{"OBJECTID":282067,"PRIMENAME":"Ocean Avenue","ELEVTYP_F":0,"ELEVTYP_T":0},"geometry":{"type":"LineString","coordinates":[[-74.0358463892429,40.1018448034642],[-74.035811020028,40.1020357483352],[-74.0357886998242,40.1021653347011],[-74.0357765548282,40.1022358532175],[-74.0357845538839,40.1022740168505]]}},{"type":"Feature","id":282570,"properties":{"OBJECTID":282570,"PRIMENAME":"7th Avenue","ELEVTYP_F":0,"ELEVTYP_T":0},"geometry":{"type":"LineString","coordinates":[[-74.0431661293009,40.1324910604278],[-74.0429248174329,40.1335212127748]]}},{"type":"Feature","id":282915,"properties":{"OBJECTID":282915,"PRIMENAME":"Sea Girt Avenue","ELEVTYP_F":0,"ELEVTYP_T":0},"geometry":{"type":"LineString","coordinates":[[-74.0397534628838,40.1282397492466],[-74.0401694633291,40.1285004477989],[-74.0405163382354,40.128718290723]]}},{"type":"Feature","id":283066,"properties":{"OBJECTID":283066,"PRIMENAME":"Brielle Road","ELEVTYP_F":0,"ELEVTYP_T":0},"geometry":{"type":"LineString","coordinates":[[-74.0416180796642,40.111306432495],[-74.0409360758884,40.1112020175881],[-74.0395842791144,40.110996491967],[-74.0390092737665,40.1109075126795],[-74.0380645890312,40.110761319468],[-74.0378924923996,40.1107346868515],[-74.0376557885749,40.1106980542565],[-74.0370033561711,40.110600460577]]}},{"type":"Feature","id":283405,"properties":{"OBJECTID":283405,"PRIMENAME":"South Street","ELEVTYP_F":0,"ELEVTYP_T":0},"geometry":{"type":"LineString","coordinates":[[-74.0525328166626,40.1235834333364],[-74.0523219681589,40.1237833391041],[-74.0522703042202,40.1238323231529],[-74.0520080233354,40.1240728125572],[-74.0519403107835,40.1241242995289]]}},{"type":"Feature","id":283536,"properties":{"OBJECTID":283536,"PRIMENAME":"Beach Front","ELEVTYP_F":0,"ELEVTYP_T":0},"geometry":{"type":"LineString","coordinates":[[-74.033895482244,40.1082971711035],[-74.0340251056629,40.1074300966493],[-74.0343251738326,40.1059415090225]]}},{"type":"Feature","id":284007,"properties":{"OBJECTID":284007,"PRIMENAME":"Glimmer Glass Circle","ELEVTYP_F":0,"ELEVTYP_T":0},"geometry":{"type":"LineString","coordinates":[[-74.0414924249512,40.1127631370775],[-74.0425054228117,40.1125811373496],[-74.042632424505,40.1125641376753],[-74.0427114240597,40.1125451361647],[-74.0427744972921,40.1125241073293],[-74.0428494230078,40.1124931375165],[-74.0428874246465,40.1124681367012],[-74.0429384252569,40.1124161368179]]}},{"type":"Feature","id":284482,"properties":{"OBJECTID":284482,"PRIMENAME":"Unnamed Segment","ELEVTYP_F":0,"ELEVTYP_T":0},"geometry":{"type":"LineString","coordinates":[[-74.0435037963242,40.1272812474311],[-74.0436174544875,40.1273118692462]]}},{"type":"Feature","id":284776,"properties":{"OBJECTID":284776,"PRIMENAME":"4th Avenue","ELEVTYP_F":0,"ELEVTYP_T":0},"geometry":{"type":"LineString","coordinates":[[-74.0373185709414,40.1303782941642],[-74.0372786506069,40.1305268197097]]}},{"type":"Feature","id":284846,"properties":{"OBJECTID":284846,"PRIMENAME":"Atlantic Avenue","ELEVTYP_F":0,"ELEVTYP_T":0},"geometry":{"type":"LineString","coordinates":[[-74.0593372041151,40.1303149353909],[-74.0591455513836,40.1302467545615],[-74.0589736207463,40.1301817495816],[-74.0588342491446,40.1301311451439],[-74.058676338178,40.1300662210494],[-74.0585430059152,40.13001116377]]}},{"type":"Feature","id":284979,"properties":{"OBJECTID":284979,"PRIMENAME":"Green Avenue","ELEVTYP_F":0,"ELEVTYP_T":0},"geometry":{"type":"LineString","coordinates":[[-74.0484327427961,40.1089370733255],[-74.0484149295979,40.1089544096774],[-74.0482489479683,40.1091184532745]]}},{"type":"Feature","id":285108,"properties":{"OBJECTID":285108,"PRIMENAME":"Church Street","ELEVTYP_F":0,"ELEVTYP_T":0},"geometry":{"type":"LineString","coordinates":[[-74.0544397157625,40.1229657360356],[-74.0543776859077,40.1229239604278],[-74.0537520181749,40.122502591689],[-74.0537020766699,40.1224671770067]]}},{"type":"Feature","id":285273,"properties":{"OBJECTID":285273,"PRIMENAME":"Boston Boulevard","ELEVTYP_F":0,"ELEVTYP_T":0},"geometry":{"type":"LineString","coordinates":[[-74.0348701230277,40.1311879831751],[-74.0325600099445,40.1308261043785]]}},{"type":"Feature","id":285891,"properties":{"OBJECTID":285891,"PRIMENAME":"3rd Avenue","ELEVTYP_F":0,"ELEVTYP_T":0},"geometry":{"type":"LineString","coordinates":[[-74.0365336731834,40.10802057875],[-74.0365115296777,40.1081489156727],[-74.0364835923201,40.1082944010222],[-74.0364158307917,40.1086472716421]]}},{"type":"Feature","id":285901,"properties":{"OBJECTID":285901,"PRIMENAME":"Baltimore Avenue","ELEVTYP_F":0,"ELEVTYP_T":0},"geometry":{"type":"LineString","coordinates":[[-74.0424459336777,40.1014850575238],[-74.0424599800932,40.102184589238]]}},{"type":"Feature","id":286344,"properties":{"OBJECTID":286344,"PRIMENAME":"Union Avenue","ELEVTYP_F":0,"ELEVTYP_T":0},"geometry":{"type":"LineString","coordinates":[[-74.0502314732701,40.1203198859272],[-74.0498985534626,40.1207082016597],[-74.0494373939721,40.1212460827521]]}},{"type":"Feature","id":286604,"properties":{"OBJECTID":286604,"PRIMENAME":"Church Street","ELEVTYP_F":0,"ELEVTYP_T":0},"geometry":{"type":"LineString","coordinates":[[-74.0547367306371,40.1231657471599],[-74.0544397157625,40.1229657360356]]}},{"type":"Feature","id":286764,"properties":{"OBJECTID":286764,"PRIMENAME":"River Place","ELEVTYP_F":0,"ELEVTYP_T":0},"geometry":{"type":"LineString","coordinates":[[-74.0449695949602,40.1156116513405],[-74.0450155334686,40.1155701588171],[-74.0455463933654,40.1150908544929],[-74.0445575857071,40.1144292506407],[-74.0444810741402,40.114379809142]]}},{"type":"Feature","id":286823,"properties":{"OBJECTID":286823,"PRIMENAME":"Ashley Avenue","ELEVTYP_F":0,"ELEVTYP_T":0},"geometry":{"type":"LineString","coordinates":[[-74.0544276728501,40.1070705605699],[-74.0537276394071,40.1077410059768]]}},{"type":"Feature","id":287447,"properties":{"OBJECTID":287447,"PRIMENAME":"Manasquan Turnpike","ELEVTYP_F":0,"ELEVTYP_T":0},"geometry":{"type":"LineString","coordinates":[[-74.046325836019,40.1312239283255],[-74.0462703020169,40.1313298447601],[-74.0460420587741,40.1318602462356],[-74.0460343497877,40.13187924028]]}},{"type":"Feature","id":287660,"properties":{"OBJECTID":287660,"PRIMENAME":"Spruce Avenue","ELEVTYP_F":0,"ELEVTYP_T":0},"geometry":{"type":"LineString","coordinates":[[-74.0482101294489,40.1300097766354],[-74.0482346704296,40.1300575032996],[-74.0482902812291,40.1300958795448],[-74.0483956666965,40.1301249242274],[-74.0487763416514,40.1302448121204]]}},{"type":"Feature","id":287663,"properties":{"OBJECTID":287663,"PRIMENAME":"Mohegan Road","ELEVTYP_F":0,"ELEVTYP_T":0},"geometry":{"type":"LineString","coordinates":[[-74.0600319737604,40.1233705908544],[-74.0600614298267,40.1233773336047],[-74.0604687442979,40.1234673887847]]}},{"type":"Feature","id":288172,"properties":{"OBJECTID":288172,"PRIMENAME":"Riddle Way","ELEVTYP_F":0,"ELEVTYP_T":0},"geometry":{"type":"LineString","coordinates":[[-74.0357958691204,40.1141948819872],[-74.0358687385325,40.1141373580067],[-74.0363492718093,40.1137579884082],[-74.0364236004756,40.1137013760059]]}},{"type":"Feature","id":288630,"properties":{"OBJECTID":288630,"PRIMENAME":"Green Avenue","ELEVTYP_F":0,"ELEVTYP_T":0},"geometry":{"type":"LineString","coordinates":[[-74.0476631475166,40.1096973468844],[-74.0468921493529,40.1104564298124]]}},{"type":"Feature","id":289920,"properties":{"OBJECTID":289920,"PRIMENAME":"Sea Girt Avenue","ELEVTYP_F":0,"ELEVTYP_T":0},"geometry":{"type":"LineString","coordinates":[[-74.0509473539046,40.1323957044499],[-74.0501569100373,40.1321969260611]]}},{"type":"Feature","id":290275,"properties":{"OBJECTID":290275,"PRIMENAME":"Lakewood Road","ELEVTYP_F":0,"ELEVTYP_T":0},"geometry":{"type":"LineString","coordinates":[[-74.0583564388145,40.122266137183],[-74.0588190147672,40.1223695030675],[-74.0599349458724,40.1226168178449],[-74.0603691549975,40.1227150619322],[-74.0604945497263,40.1227434312204]]}},{"type":"Feature","id":290606,"properties":{"OBJECTID":290606,"PRIMENAME":"2nd Avenue","ELEVTYP_F":0,"ELEVTYP_T":0},"geometry":{"type":"LineString","coordinates":[[-74.0344302380244,40.1148006140485],[-74.0343332368147,40.1153656736388],[-74.0343012424749,40.115500778652]]}},{"type":"Feature","id":291115,"properties":{"OBJECTID":291115,"PRIMENAME":"Wyckoff Avenue","ELEVTYP_F":0,"ELEVTYP_T":0},"geometry":{"type":"LineString","coordinates":[[-74.0440096346713,40.1230395089264],[-74.0441813214293,40.1228842787153],[-74.0447654275388,40.1223561575746],[-74.0458432071622,40.1213855339039]]}},{"type":"Feature","id":291636,"properties":{"OBJECTID":291636,"PRIMENAME":"Unnamed Segment","ELEVTYP_F":0,"ELEVTYP_T":0},"geometry":{"type":"LineString","coordinates":[[-74.0432692735325,40.1277499941563],[-74.0432032047221,40.1277300274837],[-74.0427313027132,40.1274317127118]]}},{"type":"Feature","id":291956,"properties":{"OBJECTID":291956,"PRIMENAME":"Boardwalk","ELEVTYP_F":0,"ELEVTYP_T":0},"geometry":{"type":"LineString","coordinates":[[-74.0354018080552,40.0970428439047],[-74.0353049705405,40.0973644529857],[-74.035011085696,40.0983305883019],[-74.0349547485754,40.098555385937],[-74.0348971491724,40.0988041160951],[-74.0347856514273,40.0992442811806],[-74.0346163661532,40.0998957219648],[-74.034501662728,40.1003866699871],[-74.0344681502297,40.1004515434572],[-74.033669149005,40.1013247505294]]}},{"type":"Feature","id":292586,"properties":{"OBJECTID":292586,"PRIMENAME":"Fisk Avenue","ELEVTYP_F":0,"ELEVTYP_T":0},"geometry":{"type":"LineString","coordinates":[[-74.0510337609965,40.1133738756863],[-74.050915447822,40.1133175743599],[-74.0507868520012,40.1132563801259]]}},{"type":"Feature","id":292915,"properties":{"OBJECTID":292915,"PRIMENAME":"Green Avenue","ELEVTYP_F":0,"ELEVTYP_T":0},"geometry":{"type":"LineString","coordinates":[[-74.0482489479683,40.1091184532745],[-74.0481932615709,40.1091734986977],[-74.0477088905404,40.1096522830504],[-74.0476631475166,40.1096973468844]]}},{"type":"Feature","id":294052,"properties":{"OBJECTID":294052,"PRIMENAME":"Riverview Drive","ELEVTYP_F":0,"ELEVTYP_T":0},"geometry":{"type":"LineString","coordinates":[[-74.060502494326,40.1047330277325],[-74.0602844711615,40.104901174057],[-74.0601346374485,40.1050340539588],[-74.060105924465,40.1050624967619]]}},{"type":"Feature","id":294195,"properties":{"OBJECTID":294195,"PRIMENAME":"Evergreen Avenue","ELEVTYP_F":0,"ELEVTYP_T":0},"geometry":{"type":"LineString","coordinates":[[-74.0544276728501,40.1070705605699],[-74.0546723335398,40.107208940306],[-74.0546812611005,40.1072139896655],[-74.054861317488,40.107326682443],[-74.0550778595582,40.1074622070503],[-74.0552599886881,40.1075711296789],[-74.0552942160243,40.107591600451],[-74.0553855113834,40.1076493004922],[-74.055415884401,40.1076684972699],[-74.0555512513372,40.1077280956592],[-74.0556957086718,40.1077807556295]]}},{"type":"Feature","id":294493,"properties":{"OBJECTID":294493,"PRIMENAME":"Christine Lane","ELEVTYP_F":0,"ELEVTYP_T":0},"geometry":{"type":"LineString","coordinates":[[-74.0566222773844,40.1338990679322],[-74.056682063013,40.1337696639703],[-74.0569654219536,40.1331559130276],[-74.0570032786302,40.133065490389],[-74.0570285638404,40.1329940997572],[-74.05702277875,40.1329321159182],[-74.057004856792,40.1328224286169],[-74.0569424129243,40.1325525859393],[-74.0569021912364,40.1323787800074]]}},{"type":"Feature","id":294766,"properties":{"OBJECTID":294766,"PRIMENAME":"2nd Avenue","ELEVTYP_F":0,"ELEVTYP_T":0},"geometry":{"type":"LineString","coordinates":[[-74.0331368023684,40.1286767797527],[-74.0331012146833,40.1288391306557]]}},{"type":"Feature","id":295086,"properties":{"OBJECTID":295086,"PRIMENAME":"Euclid Avenue","ELEVTYP_F":0,"ELEVTYP_T":0},"geometry":{"type":"LineString","coordinates":[[-74.0447799207036,40.1181989824546],[-74.0453742056072,40.1185837645994],[-74.0459987060011,40.1189910910296]]}},{"type":"Feature","id":295148,"properties":{"OBJECTID":295148,"PRIMENAME":"East Main Street","ELEVTYP_F":0,"ELEVTYP_T":0},"geometry":{"type":"LineString","coordinates":[[-74.0340101859573,40.1118797646285],[-74.0346030142653,40.1123301538551],[-74.0348247507334,40.1124956533809]]}},{"type":"Feature","id":295268,"properties":{"OBJECTID":295268,"PRIMENAME":"Iroquois Road","ELEVTYP_F":0,"ELEVTYP_T":0},"geometry":{"type":"LineString","coordinates":[[-74.0576337366737,40.1209934316502],[-74.0573103417544,40.1212991751965]]}},{"type":"Feature","id":295501,"properties":{"OBJECTID":295501,"PRIMENAME":"Unnamed Segment","ELEVTYP_F":0,"ELEVTYP_T":0},"geometry":{"type":"LineString","coordinates":[[-74.0543004284923,40.1069531363769],[-74.0543894274429,40.106838136607],[-74.0544044283959,40.1068031368083],[-74.0543924275399,40.106748135111],[-74.0543554282937,40.1066821361953],[-74.0540544265854,40.1064901361314],[-74.0538424281386,40.1063601357112],[-74.0537984258841,40.1063501351883],[-74.0537204277404,40.1063481359864],[-74.0535414269739,40.1063791350891],[-74.053379427506,40.1064131357183],[-74.0533394265205,40.1064271357938],[-74.0532924290277,40.1064701362719]]}},{"type":"Feature","id":296224,"properties":{"OBJECTID":296224,"PRIMENAME":"Riddle Way","ELEVTYP_F":0,"ELEVTYP_T":0},"geometry":{"type":"LineString","coordinates":[[-74.0329522009272,40.1137407601459],[-74.0334055110351,40.1137863453301],[-74.0336786616095,40.1138168870896]]}},{"type":"Feature","id":296227,"properties":{"OBJECTID":296227,"PRIMENAME":"Leslie Avenue","ELEVTYP_F":0,"ELEVTYP_T":0},"geometry":{"type":"LineString","coordinates":[[-74.0502079646661,40.1090873578321],[-74.0502079468743,40.1090900589274],[-74.0501827213038,40.1091471726877],[-74.0501461961806,40.1091811002692],[-74.0500141107973,40.1093037959407]]}},{"type":"Feature","id":296298,"properties":{"OBJECTID":296298,"PRIMENAME":"Bennett Place","ELEVTYP_F":0,"ELEVTYP_T":0},"geometry":{"type":"LineString","coordinates":[[-74.0512187037359,40.1095531587345],[-74.0513031857051,40.1096138276595],[-74.0514699783962,40.1097336203408],[-74.0516554342314,40.1098534841251],[-74.0518593588788,40.1099924992517],[-74.0519335869248,40.1100356961189],[-74.0520140955456,40.1100645863799],[-74.0520298311954,40.1100693416291]]}},{"type":"Feature","id":296660,"properties":{"OBJECTID":296660,"PRIMENAME":"2nd Avenue","ELEVTYP_F":0,"ELEVTYP_T":0},"geometry":{"type":"LineString","coordinates":[[-74.0331012146833,40.1288391306557],[-74.0330289474689,40.1290726282627],[-74.0330221945242,40.1291016364121],[-74.0329794234016,40.1292853531672]]}},{"type":"Feature","id":296826,"properties":{"OBJECTID":296826,"PRIMENAME":"Rogers Avenue","ELEVTYP_F":0,"ELEVTYP_T":0},"geometry":{"type":"LineString","coordinates":[[-74.0370359786574,40.1159716900483],[-74.0367514981414,40.1157757186276],[-74.03636725383,40.1155119775942]]}},{"type":"Feature","id":297291,"properties":{"OBJECTID":297291,"PRIMENAME":"Sea Girt Avenue","ELEVTYP_F":0,"ELEVTYP_T":0},"geometry":{"type":"LineString","coordinates":[[-74.0501569100373,40.1321969260611],[-74.0498624368355,40.1321228660018],[-74.0488891970675,40.1318760391178],[-74.0487340163705,40.1318369996117]]}},{"type":"Feature","id":297809,"properties":{"OBJECTID":297809,"PRIMENAME":"Service Lane","ELEVTYP_F":0,"ELEVTYP_T":0},"geometry":{"type":"LineString","coordinates":[[-74.0365036633224,40.1135118513513],[-74.0369491064493,40.113595819013],[-74.0370647722865,40.1135962813877],[-74.0382177838074,40.1132409740462],[-74.037902995881,40.1129779643546],[-74.0376422077698,40.1128320245783],[-74.037220499979,40.1128052192772],[-74.0371810691812,40.11273458112],[-74.037213929033,40.1124477236495],[-74.037227589461,40.1123930470508]]}},{"type":"Feature","id":298753,"properties":{"OBJECTID":298753,"PRIMENAME":"FR RT 71 SB to STOCKTON LAKE BLVD","ELEVTYP_F":0,"ELEVTYP_T":0},"geometry":{"type":"LineString","coordinates":[[-74.0454852302498,40.1257378134238],[-74.0455075464142,40.1257252140166],[-74.0455306778274,40.1257135130963],[-74.0455545631619,40.1257027416851],[-74.0455791390912,40.1256929283407],[-74.0456043404582,40.1256840990807],[-74.0456301004476,40.1256762773137],[-74.0456563507631,40.1256694837772],[-74.0456830218085,40.1256637364825],[-74.0457100428721,40.1256590506671],[-74.0457373423145,40.1256554387543],[-74.0457648477581,40.1256529103202],[-74.0457924862792,40.1256514720681],[-74.0458201846014,40.1256511278115],[-74.0458478692895,40.1256518784628],[-74.0458754669448,40.1256537220321],[-74.0459029043992,40.1256566536314]]}},{"type":"Feature","id":298972,"properties":{"OBJECTID":298972,"PRIMENAME":"Sea Girt Avenue","ELEVTYP_F":0,"ELEVTYP_T":0},"geometry":{"type":"LineString","coordinates":[[-74.0405163382354,40.128718290723],[-74.0408063737533,40.1289004283596]]}},{"type":"Feature","id":299659,"properties":{"OBJECTID":299659,"PRIMENAME":"Morgan Parkway","ELEVTYP_F":0,"ELEVTYP_T":0},"geometry":{"type":"LineString","coordinates":[[-74.0593610884237,40.1139805851588],[-74.0596258508933,40.1136779342506],[-74.0597006003748,40.1136305603428],[-74.0597877116358,40.1136070619698],[-74.0599057453314,40.1135789046861],[-74.0599537387258,40.1135647922235]]}},{"type":"Feature","id":300164,"properties":{"OBJECTID":300164,"PRIMENAME":"East Virginia Avenue","ELEVTYP_F":0,"ELEVTYP_T":0},"geometry":{"type":"LineString","coordinates":[[-74.0465334254072,40.1166042534016],[-74.0477042036256,40.1173441604972],[-74.0477726554808,40.1173856072079]]}},{"type":"Feature","id":301335,"properties":{"OBJECTID":301335,"PRIMENAME":"Isham Circle","ELEVTYP_F":0,"ELEVTYP_T":0},"geometry":{"type":"LineString","coordinates":[[-74.0612340154989,40.1041474267372],[-74.0613014368276,40.1042093964508],[-74.0616346399274,40.10451568904],[-74.0617272495408,40.104597081721],[-74.0618084313343,40.1046415451658],[-74.0618323832233,40.1046546642478],[-74.0619682424065,40.1047599931307],[-74.0620292888162,40.1048073336308]]}},{"type":"Feature","id":301560,"properties":{"OBJECTID":301560,"PRIMENAME":"2nd Avenue","ELEVTYP_F":0,"ELEVTYP_T":0},"geometry":{"type":"LineString","coordinates":[[-74.032898510433,40.1296845219977],[-74.0328812796736,40.1297773806517],[-74.0328598362536,40.1298325574734]]}},{"type":"Feature","id":301668,"properties":{"OBJECTID":301668,"PRIMENAME":"Camp Drive","ELEVTYP_F":0,"ELEVTYP_T":0},"geometry":{"type":"LineString","coordinates":[[-74.0426030229699,40.1293499079197],[-74.0426219757481,40.1293122008361],[-74.0426701808138,40.1292170437838],[-74.0427180684877,40.129121778275],[-74.0427656972629,40.1290264306607],[-74.0428356862362,40.1288898226418],[-74.0428732879024,40.1288164283262],[-74.0429354242751,40.1286931392008]]}},{"type":"Feature","id":301692,"properties":{"OBJECTID":301692,"PRIMENAME":"Acpoan Place","ELEVTYP_F":0,"ELEVTYP_T":0},"geometry":{"type":"LineString","coordinates":[[-74.0572146150599,40.1207305804501],[-74.0568444355116,40.120498401452]]}},{"type":"Feature","id":301708,"properties":{"OBJECTID":301708,"PRIMENAME":"Sherwood Drive","ELEVTYP_F":0,"ELEVTYP_T":0},"geometry":{"type":"LineString","coordinates":[[-74.0607247833564,40.1182349702258],[-74.0607756844726,40.1182768641883],[-74.060905566525,40.1183536205611],[-74.0614250332885,40.1186653684616],[-74.0615249159902,40.1187253198993]]}},{"type":"Feature","id":302076,"properties":{"OBJECTID":302076,"PRIMENAME":"Sea Girt Avenue","ELEVTYP_F":0,"ELEVTYP_T":0},"geometry":{"type":"LineString","coordinates":[[-74.0360407532959,40.1259079337806],[-74.0362476880592,40.1260377920997]]}},{"type":"Feature","id":304112,"properties":{"OBJECTID":304112,"PRIMENAME":"North Farragut Avenue","ELEVTYP_F":0,"ELEVTYP_T":0},"geometry":{"type":"LineString","coordinates":[[-74.0415511166725,40.1211136949687],[-74.0413391817042,40.1213084038436],[-74.0411643941916,40.1214506864422],[-74.0410550130324,40.1215397227133]]}},{"type":"Feature","id":305317,"properties":{"OBJECTID":305317,"PRIMENAME":"North Main Street","ELEVTYP_F":0,"ELEVTYP_T":0},"geometry":{"type":"LineString","coordinates":[[-74.0506977110183,40.1314172751612],[-74.0507282943328,40.1313731395585],[-74.0511595122679,40.1307163253523]]}},{"type":"Feature","id":306175,"properties":{"OBJECTID":306175,"PRIMENAME":"Brielle Road","ELEVTYP_F":0,"ELEVTYP_T":0},"geometry":{"type":"LineString","coordinates":[[-74.0456910091542,40.1119182373461],[-74.0450129885324,40.111827014806],[-74.0449854390197,40.1118233083311],[-74.0448731445695,40.1118051613984],[-74.0445456712044,40.1117522385825],[-74.0444231647091,40.1117324397251],[-74.0442599239858,40.1117060585586],[-74.0439626298212,40.111661406768],[-74.0438101256087,40.1116385006632]]}},{"type":"Feature","id":307000,"properties":{"OBJECTID":307000,"PRIMENAME":"Sea Girt Avenue","ELEVTYP_F":0,"ELEVTYP_T":0},"geometry":{"type":"LineString","coordinates":[[-74.0521433921934,40.132697432265],[-74.0520678526053,40.1326775952514],[-74.0520569163153,40.1326747238997]]}},{"type":"Feature","id":307691,"properties":{"OBJECTID":307691,"PRIMENAME":"New York Avenue","ELEVTYP_F":0,"ELEVTYP_T":0},"geometry":{"type":"LineString","coordinates":[[-74.0608351496662,40.1317486177142],[-74.0611279453799,40.1318515780425],[-74.0620571628327,40.1321934533668],[-74.0624876860743,40.1323483502142]]}},{"type":"Feature","id":308134,"properties":{"OBJECTID":308134,"PRIMENAME":"Evergreen Avenue","ELEVTYP_F":0,"ELEVTYP_T":0},"geometry":{"type":"LineString","coordinates":[[-74.05590673088,40.1079006566787],[-74.0559787676014,40.1079565521849],[-74.0560307042707,40.1080096703373],[-74.0562500834001,40.1082340439427],[-74.0565459973107,40.108544930395],[-74.0567063329688,40.1087075996489],[-74.0567370263761,40.1087601525035],[-74.0567490660988,40.1088221596466],[-74.0567424463892,40.1088408281038],[-74.0567237534189,40.108893550423],[-74.0566360955007,40.1090076122591],[-74.0564670717851,40.1091971319926]]}},{"type":"Feature","id":308168,"properties":{"OBJECTID":308168,"PRIMENAME":"Sea Girt Avenue","ELEVTYP_F":0,"ELEVTYP_T":0},"geometry":{"type":"LineString","coordinates":[[-74.0525984503662,40.132816853945],[-74.0521433921934,40.132697432265]]}},{"type":"Feature","id":308851,"properties":{"OBJECTID":308851,"PRIMENAME":"Robert Street","ELEVTYP_F":0,"ELEVTYP_T":0},"geometry":{"type":"LineString","coordinates":[[-74.0454852302498,40.1257378134238],[-74.045467760221,40.1259404964088],[-74.0454652704825,40.1259693824342],[-74.0454432432707,40.1263071602692],[-74.0454412149857,40.1263261270516],[-74.0454010606689,40.1267017949008],[-74.045369380605,40.127001594312],[-74.045348515948,40.1271647472341],[-74.0453078357373,40.1273391890008],[-74.0452784159724,40.1274669519058]]}},{"type":"Feature","id":308865,"properties":{"OBJECTID":308865,"PRIMENAME":"Dogwood Lane","ELEVTYP_F":0,"ELEVTYP_T":0},"geometry":{"type":"LineString","coordinates":[[-74.0521433921934,40.132697432265],[-74.0520934638974,40.1327844839963],[-74.0516160580012,40.1336167119822],[-74.0515275270746,40.1337758155618]]}},{"type":"Feature","id":308929,"properties":{"OBJECTID":308929,"PRIMENAME":"Brielle Road","ELEVTYP_F":0,"ELEVTYP_T":0},"geometry":{"type":"LineString","coordinates":[[-74.0459851140575,40.1119640620086],[-74.0459343214975,40.1119509551362],[-74.0456910091542,40.1119182373461]]}},{"type":"Feature","id":309306,"properties":{"OBJECTID":309306,"PRIMENAME":"Ashley Avenue","ELEVTYP_F":0,"ELEVTYP_T":0},"geometry":{"type":"LineString","coordinates":[[-74.0537276394071,40.1077410059768],[-74.0534084112047,40.1080467365368],[-74.0532907253594,40.1081594163999]]}},{"type":"Feature","id":309501,"properties":{"OBJECTID":309501,"PRIMENAME":"Washington Boulevard","ELEVTYP_F":0,"ELEVTYP_T":0},"geometry":{"type":"LineString","coordinates":[[-74.0427455233301,40.130201936809],[-74.042656254176,40.1301849873884],[-74.0423913228325,40.1301346814824],[-74.0423187902927,40.1301229147246],[-74.0421760741954,40.1300997623418]]}},{"type":"Feature","id":309524,"properties":{"OBJECTID":309524,"PRIMENAME":"Cresent Parkway","ELEVTYP_F":0,"ELEVTYP_T":0},"geometry":{"type":"LineString","coordinates":[[-74.0391000235114,40.13065915818],[-74.0385473254987,40.1305720181383],[-74.0373185709414,40.1303782941642]]}},{"type":"Feature","id":309569,"properties":{"OBJECTID":309569,"PRIMENAME":"Mount Lane","ELEVTYP_F":0,"ELEVTYP_T":0},"geometry":{"type":"LineString","coordinates":[[-74.0491763412376,40.1182470366538],[-74.0487394894462,40.1190944560925],[-74.0485985101734,40.1192970313855]]}},{"type":"Feature","id":310465,"properties":{"OBJECTID":310465,"PRIMENAME":"Unnamed Segment","ELEVTYP_F":0,"ELEVTYP_T":0},"geometry":{"type":"LineString","coordinates":[[-74.0361014211458,40.1203431377609],[-74.0359824220852,40.1205051394555],[-74.0356084220585,40.1219691387693],[-74.0355984211277,40.1220281395385],[-74.0356054243201,40.1221181398503],[-74.0356254223751,40.1221531396342],[-74.0362414224998,40.1225751393666],[-74.0364474230347,40.1227041397959],[-74.0366774496682,40.1228545020735],[-74.0373194230888,40.1232741392736],[-74.0373524226881,40.1233021392254],[-74.0373914239905,40.1233451388453],[-74.0374544222377,40.1233971393762],[-74.0384994221264,40.1240731388324],[-74.0387504249408,40.1242411385259],[-74.0392104239866,40.1245261398483]]}},{"type":"Feature","id":310945,"properties":{"OBJECTID":310945,"PRIMENAME":"Squan Court","ELEVTYP_F":0,"ELEVTYP_T":0},"geometry":{"type":"LineString","coordinates":[[-74.0474259267256,40.1315069351638],[-74.0474555778556,40.1314366616147],[-74.047499728017,40.1313319908125],[-74.0475500722932,40.1312368986564],[-74.0476126928281,40.131151325134],[-74.0476877941744,40.1310658282442],[-74.0477627968131,40.1309898844835],[-74.0478315456214,40.130918637646],[-74.0479065202053,40.1308521923037],[-74.0479315614414,40.1308189349912],[-74.0479442916179,40.1307760760526],[-74.0479035695641,40.1307092060558],[-74.0477900195928,40.1305628508564]]}},{"type":"Feature","id":311246,"properties":{"OBJECTID":311246,"PRIMENAME":"Cresent Parkway","ELEVTYP_F":0,"ELEVTYP_T":0},"geometry":{"type":"LineString","coordinates":[[-74.041744076249,40.1308763436357],[-74.0415879886019,40.1308509912849],[-74.0409863595214,40.1307532644717],[-74.0408932892053,40.1307386196918],[-74.0408062822826,40.1307478003759],[-74.0407378088686,40.1307666089585],[-74.0406319515493,40.1308186242793],[-74.0405697357689,40.1308374296624],[-74.0405003533212,40.1308477995849],[-74.0404765093444,40.1308513626566],[-74.0403833150548,40.1308605193717],[-74.0402344462851,40.1308360990352],[-74.039167583743,40.1306698038281],[-74.0391000235114,40.13065915818]]}},{"type":"Feature","id":311254,"properties":{"OBJECTID":311254,"PRIMENAME":"North Potter Avenue","ELEVTYP_F":0,"ELEVTYP_T":0},"geometry":{"type":"LineString","coordinates":[[-74.0392828973261,40.1171225849589],[-74.0390317933294,40.1173465899985]]}},{"type":"Feature","id":311465,"properties":{"OBJECTID":311465,"PRIMENAME":"Higgins Avenue","ELEVTYP_F":0,"ELEVTYP_T":0},"geometry":{"type":"LineString","coordinates":[[-74.0580394431308,40.1073930537602],[-74.0584335715935,40.1076458104295],[-74.058698826556,40.107815918482],[-74.0591002037186,40.1080733201225],[-74.0592041359488,40.1081401514057]]}},{"type":"Feature","id":311814,"properties":{"OBJECTID":311814,"PRIMENAME":"Timber Lane","ELEVTYP_F":0,"ELEVTYP_T":0},"geometry":{"type":"LineString","coordinates":[[-74.0358044631461,40.1047140656264],[-74.0358088144699,40.1046906417401],[-74.0361243991853,40.1048482223901],[-74.0365882020241,40.1050798077152]]}},{"type":"Feature","id":311944,"properties":{"OBJECTID":311944,"PRIMENAME":"Camp Drive","ELEVTYP_F":0,"ELEVTYP_T":0},"geometry":{"type":"LineString","coordinates":[[-74.042306102349,40.1298510855978],[-74.0423657415308,40.1298045847405],[-74.0423929976795,40.1297684110503],[-74.0424231891554,40.1297134048198],[-74.0424452989743,40.1296649560626],[-74.0424524503052,40.129648567531],[-74.042462608578,40.1296271668578],[-74.0424734797572,40.1296060157877],[-74.0424816021002,40.1295893563814],[-74.0424978730895,40.1295577129449],[-74.0425649948174,40.129425571983],[-74.0426030229699,40.1293499079197]]}},{"type":"Feature","id":312083,"properties":{"OBJECTID":312083,"PRIMENAME":"Clark Street","ELEVTYP_F":0,"ELEVTYP_T":0},"geometry":{"type":"LineString","coordinates":[[-74.0571422856516,40.1227847816175],[-74.0572773882314,40.1226638739158],[-74.0574281262475,40.1225306719882]]}},{"type":"Feature","id":312161,"properties":{"OBJECTID":312161,"PRIMENAME":"Wigwam Path","ELEVTYP_F":0,"ELEVTYP_T":0},"geometry":{"type":"LineString","coordinates":[[-74.0579680430567,40.1253523736114],[-74.0580240703938,40.1252881001249],[-74.0592000300974,40.123939040734],[-74.059247984231,40.1238840156788]]}},{"type":"Feature","id":312528,"properties":{"OBJECTID":312528,"PRIMENAME":"Sims Avenue","ELEVTYP_F":0,"ELEVTYP_T":0},"geometry":{"type":"LineString","coordinates":[[-74.0387704943359,40.1154644433237],[-74.0386962073738,40.1155308577578],[-74.0377780891582,40.1163517483451],[-74.0376952018511,40.1164258430846]]}},{"type":"Feature","id":313048,"properties":{"OBJECTID":313048,"PRIMENAME":"Old Squan Road","ELEVTYP_F":0,"ELEVTYP_T":0},"geometry":{"type":"LineString","coordinates":[[-74.0495842019744,40.1304993156201],[-74.0499304600353,40.1299545133897],[-74.0499750202935,40.1298844349165]]}},{"type":"Feature","id":313810,"properties":{"OBJECTID":313810,"PRIMENAME":"Bell Place","ELEVTYP_F":0,"ELEVTYP_T":0},"geometry":{"type":"LineString","coordinates":[[-74.0427478976248,40.1313571690645],[-74.0426470865169,40.1315527401665],[-74.0425695030791,40.1317032497976],[-74.0423240797579,40.1321884165754],[-74.0422611915121,40.132307341205],[-74.0422449894775,40.1323501038157]]}},{"type":"Feature","id":314494,"properties":{"OBJECTID":314494,"PRIMENAME":"Camden Avenue","ELEVTYP_F":0,"ELEVTYP_T":0},"geometry":{"type":"LineString","coordinates":[[-74.0588770092655,40.1310628687263],[-74.0593372041151,40.1303149353909]]}},{"type":"Feature","id":315026,"properties":{"OBJECTID":315026,"PRIMENAME":"2nd Avenue","ELEVTYP_F":0,"ELEVTYP_T":0},"geometry":{"type":"LineString","coordinates":[[-74.0335356666614,40.1185224129591],[-74.0335314732063,40.11853501739],[-74.0335314643157,40.1185414689719],[-74.0335322791639,40.1185478968508],[-74.033533880598,40.118554244134],[-74.0335363055337,40.118560430809],[-74.0335395191336,40.1185664044955],[-74.0335434491053,40.1185721000529],[-74.0335481321245,40.1185774725945],[-74.0335534266458,40.1185824621049],[-74.033559366863,40.1185870435025],[-74.0335658464007,40.1185911605162],[-74.0338414628847,40.1187606084995],[-74.0339156591285,40.118808348973],[-74.034082383078,40.1189160312673],[-74.0342496116777,40.1190232487943],[-74.0344173437536,40.119130001547],[-74.0344795473575,40.1191692900419],[-74.0345422901668,40.1192081411354],[-74.0346054646245,40.1192464994523],[-74.0346691444492,40.1192843932095],[-74.0347332909259,40.1193218222507],[-74.0347979429527,40.1193587597107],[-74.0348630266257,40.1193952043912],[-74.0348768224398,40.1194013817622],[-74.0348910160005,40.1194070383307],[-74.0349054993639,40.1194121754645],[-74.0349203090882,40.119416765389],[-74.0349354076438,40.119420806152],[-74.0349506884439,40.1194242721063],[-74.0349662238627,40.1194272166826],[-74.0349819065204,40.1194295583883],[-74.0349976998642,40.1194313240969]]}},{"type":"Feature","id":315136,"properties":{"OBJECTID":315136,"PRIMENAME":"Ashley Avenue","ELEVTYP_F":0,"ELEVTYP_T":0},"geometry":{"type":"LineString","coordinates":[[-74.0551570901326,40.1063476432726],[-74.0550791098758,40.1064251731809]]}},{"type":"Feature","id":315181,"properties":{"OBJECTID":315181,"PRIMENAME":"Old Bridge Road","ELEVTYP_F":0,"ELEVTYP_T":0},"geometry":{"type":"LineString","coordinates":[[-74.0639692219846,40.1162331672513],[-74.0636610488836,40.116358373104],[-74.06252133621,40.1168060053587],[-74.0613546043656,40.1172604421909],[-74.060620007281,40.1175575243999],[-74.0603138700445,40.1176813311552]]}},{"type":"Feature","id":316370,"properties":{"OBJECTID":316370,"PRIMENAME":"Trenton Boulevard","ELEVTYP_F":0,"ELEVTYP_T":0},"geometry":{"type":"LineString","coordinates":[[-74.0405163382354,40.128718290723],[-74.0401001280281,40.1286526737826],[-74.0396605901604,40.1285833652868]]}},{"type":"Feature","id":316501,"properties":{"OBJECTID":316501,"PRIMENAME":"3rd Avenue","ELEVTYP_F":0,"ELEVTYP_T":0},"geometry":{"type":"LineString","coordinates":[[-74.0370863279606,40.1048482564247],[-74.0370921575597,40.1049006871979],[-74.0370406578838,40.1051721849217],[-74.0369772405527,40.1055035361668]]}},{"type":"Feature","id":317033,"properties":{"OBJECTID":317033,"PRIMENAME":"Ocean Avenue","ELEVTYP_F":0,"ELEVTYP_T":0},"geometry":{"type":"LineString","coordinates":[[-74.0343012424749,40.115500778652],[-74.0344151137666,40.1155240220429],[-74.0344993932055,40.1155503041987],[-74.0345989864623,40.1155960846562],[-74.0347054991819,40.1156602578347],[-74.0348936780395,40.1157850022493],[-74.0349261622077,40.1158065357198],[-74.0350498206366,40.1158924677721],[-74.0359333382191,40.1165064266093],[-74.0366994832738,40.1170385402593],[-74.0381207805519,40.1180022163673],[-74.0382218706322,40.1180707582211]]}},{"type":"Feature","id":318361,"properties":{"OBJECTID":318361,"PRIMENAME":"Brielle Avenue","ELEVTYP_F":0,"ELEVTYP_T":0},"geometry":{"type":"LineString","coordinates":[[-74.0506146096203,40.1142676849639],[-74.0506204816036,40.114315366729],[-74.0506574203566,40.114358363858],[-74.0509296810078,40.1144929242284],[-74.0512912048464,40.114677546865]]}},{"type":"Feature","id":318408,"properties":{"OBJECTID":318408,"PRIMENAME":"FR EVERGREEN AVE to RT 35 NB","ELEVTYP_F":0,"ELEVTYP_T":0},"geometry":{"type":"LineString","coordinates":[[-74.0558342851354,40.1078140658899],[-74.0558449591888,40.1078166323535],[-74.0559691508214,40.1078628184772],[-74.0560555274879,40.1079019404424],[-74.0561022591636,40.1079291330055],[-74.0561489896977,40.107956326446],[-74.0562316559782,40.108010671011],[-74.0563160196049,40.1080733398784],[-74.0566260873134,40.1083024699041]]}},{"type":"Feature","id":318437,"properties":{"OBJECTID":318437,"PRIMENAME":"Cedar Avenue","ELEVTYP_F":0,"ELEVTYP_T":0},"geometry":{"type":"LineString","coordinates":[[-74.0453607476856,40.1176836653018],[-74.044341558023,40.1170307258762],[-74.0442488882871,40.1169696630546]]}},{"type":"Feature","id":319030,"properties":{"OBJECTID":319030,"PRIMENAME":"Boston Boulevard","ELEVTYP_F":0,"ELEVTYP_T":0},"geometry":{"type":"LineString","coordinates":[[-74.0456187278117,40.1328765947823],[-74.0455050369852,40.1328586888796],[-74.0432967890392,40.1325115889871],[-74.0431661293009,40.1324910604278]]}},{"type":"Feature","id":319144,"properties":{"OBJECTID":319144,"PRIMENAME":"Washington Boulevard","ELEVTYP_F":0,"ELEVTYP_T":0},"geometry":{"type":"LineString","coordinates":[[-74.0331368023684,40.1286767797527],[-74.0329411884391,40.1286431025019],[-74.0328626101938,40.1286332599277]]}},{"type":"Feature","id":319307,"properties":{"OBJECTID":319307,"PRIMENAME":"East Virginia Avenue","ELEVTYP_F":0,"ELEVTYP_T":0},"geometry":{"type":"LineString","coordinates":[[-74.0427775887351,40.1141722777628],[-74.0433339392259,40.1145388296019],[-74.0438962833059,40.1149083665201]]}},{"type":"Feature","id":319371,"properties":{"OBJECTID":319371,"PRIMENAME":"Robert Street","ELEVTYP_F":0,"ELEVTYP_T":0},"geometry":{"type":"LineString","coordinates":[[-74.0455321328126,40.1254128166213],[-74.0455179647843,40.1254836999313],[-74.0454920903005,40.1256582260365],[-74.0454852302498,40.1257378134238]]}},{"type":"Feature","id":319622,"properties":{"OBJECTID":319622,"PRIMENAME":"Borrie Avenue","ELEVTYP_F":0,"ELEVTYP_T":0},"geometry":{"type":"LineString","coordinates":[[-74.052425152367,40.1120845491403],[-74.0522434839161,40.1119910013528],[-74.051643385904,40.1116883986117],[-74.0515931733428,40.1116631119571]]}},{"type":"Feature","id":319992,"properties":{"OBJECTID":319992,"PRIMENAME":"Iroquois Road","ELEVTYP_F":0,"ELEVTYP_T":0},"geometry":{"type":"LineString","coordinates":[[-74.0569841300929,40.1216087772946],[-74.0563803024243,40.1221885796529],[-74.0563017463217,40.1222640210501]]}},{"type":"Feature","id":320355,"properties":{"OBJECTID":320355,"PRIMENAME":"1st Avenue","ELEVTYP_F":0,"ELEVTYP_T":0},"geometry":{"type":"LineString","coordinates":[[-74.0329481031354,40.1172331592588],[-74.0327447107353,40.1179854011917]]}},{"type":"Feature","id":321050,"properties":{"OBJECTID":321050,"PRIMENAME":"Green Avenue","ELEVTYP_F":0,"ELEVTYP_T":0},"geometry":{"type":"LineString","coordinates":[[-74.0460645087624,40.1114181393356],[-74.0457765111106,40.1118037647177],[-74.0456910091542,40.1119182373461]]}},{"type":"Feature","id":321714,"properties":{"OBJECTID":321714,"PRIMENAME":"Evergreen Avenue","ELEVTYP_F":0,"ELEVTYP_T":0},"geometry":{"type":"LineString","coordinates":[[-74.0556957086718,40.1077807556295],[-74.0558861335919,40.1078846823493],[-74.05590673088,40.1079006566787]]}},{"type":"Feature","id":321823,"properties":{"OBJECTID":321823,"PRIMENAME":"Pine Avenue","ELEVTYP_F":0,"ELEVTYP_T":0},"geometry":{"type":"LineString","coordinates":[[-74.0432954500098,40.1154444891471],[-74.0430449324762,40.1152791490199],[-74.0427573940263,40.1150893706639],[-74.0421472203132,40.1146866460898],[-74.0420527040455,40.1146242555888]]}},{"type":"Feature","id":321879,"properties":{"OBJECTID":321879,"PRIMENAME":"4th Avenue","ELEVTYP_F":0,"ELEVTYP_T":0},"geometry":{"type":"LineString","coordinates":[[-74.0367075483639,40.1123144329968],[-74.0367260918546,40.1122057653573],[-74.0368535243408,40.111467844433]]}},{"type":"Feature","id":321970,"properties":{"OBJECTID":321970,"PRIMENAME":"Cedar Avenue","ELEVTYP_F":0,"ELEVTYP_T":0},"geometry":{"type":"LineString","coordinates":[[-74.0393638824901,40.1137970666686],[-74.0392853954344,40.1137745363298],[-74.0391240603219,40.1137643408616],[-74.0389564751362,40.1137636738806],[-74.0388809014437,40.113771658445]]}},{"type":"Feature","id":322032,"properties":{"OBJECTID":322032,"PRIMENAME":"Unnamed Segment","ELEVTYP_F":0,"ELEVTYP_T":0},"geometry":{"type":"LineString","coordinates":[[-74.0392104239866,40.1245261398483],[-74.0398064242825,40.1239761388621],[-74.0402544242324,40.1235761393023]]}},{"type":"Feature","id":322703,"properties":{"OBJECTID":322703,"PRIMENAME":"Camp Drive","ELEVTYP_F":0,"ELEVTYP_T":0},"geometry":{"type":"LineString","coordinates":[[-74.0432692735325,40.1277499941563],[-74.0432552335916,40.1277769458346],[-74.043206233893,40.1278789065015],[-74.0431536985665,40.1279801929962],[-74.0430685487192,40.1281559401381],[-74.0429799153026,40.1283337054102],[-74.0428965348755,40.1285121218215],[-74.0428658572174,40.1285699544207],[-74.042840916932,40.1286196008147],[-74.0428367557376,40.1286294775144]]}},{"type":"Feature","id":323519,"properties":{"OBJECTID":323519,"PRIMENAME":"5th Avenue","ELEVTYP_F":0,"ELEVTYP_T":0},"geometry":{"type":"LineString","coordinates":[[-74.0396605901604,40.1285833652868],[-74.0397298054461,40.1283271207626],[-74.0397534628838,40.1282397492466]]}},{"type":"Feature","id":323568,"properties":{"OBJECTID":323568,"PRIMENAME":"Woodland Avenue","ELEVTYP_F":0,"ELEVTYP_T":0},"geometry":{"type":"LineString","coordinates":[[-74.0510687770686,40.1122248553686],[-74.0512110759355,40.1122968124751],[-74.0521514744331,40.1127722877899],[-74.0529619991043,40.1131853202514],[-74.0535187714727,40.1134781946075],[-74.0552264011857,40.1143474489172],[-74.0553430241531,40.1144045319544]]}},{"type":"Feature","id":324570,"properties":{"OBJECTID":324570,"PRIMENAME":"Camp Drive","ELEVTYP_F":0,"ELEVTYP_T":0},"geometry":{"type":"LineString","coordinates":[[-74.0433826252932,40.127784247456],[-74.0433852236014,40.1277785581638],[-74.0434074260564,40.1277316740603],[-74.0434303030253,40.1276849844573],[-74.0434538967462,40.1276384895209],[-74.0434781671384,40.1275922170138],[-74.0435104678823,40.1275271707449],[-74.0435434468016,40.1274622928653],[-74.043577139731,40.1273976636765],[-74.0435892668748,40.1273703684631],[-74.0436019292945,40.127343212262],[-74.0436151993611,40.1273162512006],[-74.0436174544875,40.1273118692462]]}},{"type":"Feature","id":325085,"properties":{"OBJECTID":325085,"PRIMENAME":"East Main Street","ELEVTYP_F":0,"ELEVTYP_T":0},"geometry":{"type":"LineString","coordinates":[[-74.0455733745758,40.1199653484674],[-74.0466070593411,40.120640762454]]}},{"type":"Feature","id":325107,"properties":{"OBJECTID":325107,"PRIMENAME":"South Street","ELEVTYP_F":0,"ELEVTYP_T":0},"geometry":{"type":"LineString","coordinates":[[-74.0555264962825,40.1207087745647],[-74.0550877904864,40.1211315404634],[-74.054632830947,40.1215618745758]]}},{"type":"Feature","id":325709,"properties":{"OBJECTID":325709,"PRIMENAME":"Riverside Drive","ELEVTYP_F":0,"ELEVTYP_T":0},"geometry":{"type":"LineString","coordinates":[[-74.0354181851133,40.1039296967591],[-74.0364794441689,40.1045055491449],[-74.0369443642735,40.104757812837],[-74.0370493021357,40.1048147532348],[-74.0370863279606,40.1048482564247]]}},{"type":"Feature","id":326420,"properties":{"OBJECTID":326420,"PRIMENAME":"FR NJ 71 SB to NJ 35 SB","ELEVTYP_F":0,"ELEVTYP_T":0},"geometry":{"type":"LineString","coordinates":[[-74.0568860429814,40.1081878595309],[-74.0567704999431,40.1081254014199],[-74.0567209069486,40.1080956717444],[-74.0566713128187,40.1080659429439],[-74.0565677118372,40.1079925761629],[-74.0564595691429,40.1079192189174],[-74.0562349492048,40.1077459532122]]}},{"type":"Feature","id":326548,"properties":{"OBJECTID":326548,"PRIMENAME":"South McClellan Avenue","ELEVTYP_F":0,"ELEVTYP_T":0},"geometry":{"type":"LineString","coordinates":[[-74.0454340267214,40.1159099398715],[-74.0455728617784,40.1157772829555],[-74.0461037509854,40.1152932268806],[-74.0461491881277,40.115251840922]]}},{"type":"Feature","id":326922,"properties":{"OBJECTID":326922,"PRIMENAME":"New Brunswick Avenue","ELEVTYP_F":0,"ELEVTYP_T":0},"geometry":{"type":"LineString","coordinates":[[-74.0597998112887,40.1295630840971],[-74.059494453414,40.129452138469],[-74.0593808447275,40.1294111033829],[-74.0592958195532,40.1293577132759],[-74.0592393478953,40.1292857092335],[-74.0591708972754,40.1291855743927],[-74.0591225592083,40.1291167311336],[-74.0590618894263,40.1290634605895],[-74.059005267884,40.1290257998966],[-74.0589362836355,40.128997424996],[-74.0588145521044,40.1289626722217],[-74.058497911657,40.1288771577684],[-74.058303049729,40.1288358397556],[-74.0582380368594,40.1288293599376],[-74.0581811574222,40.1288260130734],[-74.0581362955806,40.1288445923861],[-74.0580995482212,40.1288694065656],[-74.0580585616999,40.1289191868689],[-74.0579230393818,40.1291308810215],[-74.0576684946756,40.1295075520501],[-74.0575594300661,40.1296096991729]]}},{"type":"Feature","id":327599,"properties":{"OBJECTID":327599,"PRIMENAME":"Fisk Avenue","ELEVTYP_F":0,"ELEVTYP_T":0},"geometry":{"type":"LineString","coordinates":[[-74.0465838357406,40.1121161359605],[-74.0464079122537,40.1120731643357],[-74.0464064530988,40.1120727884385]]}},{"type":"Feature","id":327749,"properties":{"OBJECTID":327749,"PRIMENAME":"Unnamed Segment","ELEVTYP_F":0,"ELEVTYP_T":0},"geometry":{"type":"LineString","coordinates":[[-74.0419901388122,40.1280807413762],[-74.0422211837728,40.1282323116045],[-74.0428367557376,40.1286294775144]]}},{"type":"Feature","id":328194,"properties":{"OBJECTID":328194,"PRIMENAME":"Camden Avenue","ELEVTYP_F":0,"ELEVTYP_T":0},"geometry":{"type":"LineString","coordinates":[[-74.0597998112887,40.1295630840971],[-74.0600863932021,40.1290525603119],[-74.0601109979064,40.129013917091],[-74.0601242822283,40.1289948883282],[-74.0601433594169,40.128981508148],[-74.0601740442705,40.1289760242251],[-74.0602061451851,40.1289783978477],[-74.060209025813,40.1289789419927]]}},{"type":"Feature","id":328664,"properties":{"OBJECTID":328664,"PRIMENAME":"Timber Lane","ELEVTYP_F":0,"ELEVTYP_T":0},"geometry":{"type":"LineString","coordinates":[[-74.034900652111,40.1097144408721],[-74.0350042334552,40.1091316766096]]}},{"type":"Feature","id":329356,"properties":{"OBJECTID":329356,"PRIMENAME":"Deep Creek Drive","ELEVTYP_F":0,"ELEVTYP_T":0},"geometry":{"type":"LineString","coordinates":[[-74.0416180796642,40.111306432495],[-74.0416421604847,40.1112239212101],[-74.0416854533523,40.11107573663],[-74.0416919000701,40.111015502518],[-74.0416866670931,40.1108949085244],[-74.0416462689985,40.1106118723071],[-74.0416466425265,40.1105562265818],[-74.0416531205479,40.1104913261262],[-74.0416838929312,40.1104079901508],[-74.0419036744112,40.1100564456296],[-74.0419583620935,40.1100056541491],[-74.0420189664023,40.1099734167935],[-74.0421279060373,40.1099367580718],[-74.0423094459256,40.1098864678269],[-74.0424183530003,40.1098544490473],[-74.042491042437,40.1098222591872],[-74.0425758792523,40.1097808653879],[-74.0425949647853,40.1097652444699],[-74.0426548280095,40.1097162510541],[-74.0427941482808,40.1096007843614],[-74.0428552692847,40.1095501277306]]}},{"type":"Feature","id":329500,"properties":{"OBJECTID":329500,"PRIMENAME":"Unnamed Segment","ELEVTYP_F":0,"ELEVTYP_T":0},"geometry":{"type":"LineString","coordinates":[[-74.0392104239866,40.1245261398483],[-74.0399844246302,40.1250291388068]]}},{"type":"Feature","id":329700,"properties":{"OBJECTID":329700,"PRIMENAME":"Riverview Drive","ELEVTYP_F":0,"ELEVTYP_T":0},"geometry":{"type":"LineString","coordinates":[[-74.0575068858341,40.1080079723913],[-74.057425908288,40.1081012229355]]}},{"type":"Feature","id":329997,"properties":{"OBJECTID":329997,"PRIMENAME":"Stockton Lake Boulevard","ELEVTYP_F":0,"ELEVTYP_T":0},"geometry":{"type":"LineString","coordinates":[[-74.0375887484677,40.1186435097305],[-74.0375760816901,40.1186815906246],[-74.0375942595417,40.1187483743565],[-74.0376985872719,40.1189251488794],[-74.0377601786892,40.1189968822076],[-74.0378528086299,40.1190687393605],[-74.0381742504035,40.1192797347252],[-74.0384956255008,40.1194955061689],[-74.0386254816562,40.1195675110327],[-74.0386833266083,40.1195959626632]]}},{"type":"Feature","id":330001,"properties":{"OBJECTID":330001,"PRIMENAME":"Unnamed Segment","ELEVTYP_F":0,"ELEVTYP_T":0},"geometry":{"type":"LineString","coordinates":[[-74.0429384252569,40.1124161368179],[-74.0429804250791,40.1124501377864],[-74.0430334261854,40.1124741367752],[-74.0430934237744,40.1124851366946],[-74.0431434238593,40.112481135825],[-74.0431804235142,40.1124661376012],[-74.0432074233787,40.1124431369475],[-74.043224424644,40.112402136242],[-74.0432194247196,40.1123711373697],[-74.0431924251192,40.1123341378154],[-74.0431614247057,40.1123121369383],[-74.0431374231989,40.1123011367391],[-74.0430964244761,40.1122921365621],[-74.0430174251107,40.1122901370022]]}},{"type":"Feature","id":330076,"properties":{"OBJECTID":330076,"PRIMENAME":"Iroquois Road","ELEVTYP_F":0,"ELEVTYP_T":0},"geometry":{"type":"LineString","coordinates":[[-74.0579217965317,40.1207210992867],[-74.0576337366737,40.1209934316502]]}},{"type":"Feature","id":330150,"properties":{"OBJECTID":330150,"PRIMENAME":"Harborhead Drive","ELEVTYP_F":0,"ELEVTYP_T":0},"geometry":{"type":"LineString","coordinates":[[-74.0344172725246,40.1012473204287],[-74.034397571152,40.1012368761042],[-74.0343863999467,40.1012305993294],[-74.0343767544872,40.1012229731497],[-74.0343689112795,40.1012142130409],[-74.0343630914774,40.1012045675821],[-74.0343594621174,40.1011943094531],[-74.0343581197537,40.1011837272629],[-74.0343591080575,40.1011731247194],[-74.0343623956863,40.1011627980232],[-74.0343678914944,40.1011530413333],[-74.0343754399521,40.1011441305356],[-74.0346554587676,40.1008095977791]]}},{"type":"Feature","id":330249,"properties":{"OBJECTID":330249,"PRIMENAME":"Woodland Avenue","ELEVTYP_F":0,"ELEVTYP_T":0},"geometry":{"type":"LineString","coordinates":[[-74.0553430241531,40.1144045319544],[-74.0555110455641,40.1144867674921],[-74.0556782042194,40.114558869442],[-74.0558638985115,40.1146453991913],[-74.0560617426888,40.1147605270107],[-74.0565254985375,40.1150482818788],[-74.0568964500711,40.1152784672941],[-74.0572736858632,40.1154991228464],[-74.0580898439226,40.1160074849342],[-74.0592524423977,40.1167030169821],[-74.0593883211986,40.1168083767003],[-74.0595800893381,40.1169139767216],[-74.0599388111052,40.1171250536051],[-74.0599971972468,40.1171594267943]]}},{"type":"Feature","id":330386,"properties":{"OBJECTID":330386,"PRIMENAME":"Warren Avenue","ELEVTYP_F":0,"ELEVTYP_T":0},"geometry":{"type":"LineString","coordinates":[[-74.0479785691763,40.1193864988338],[-74.0480012316463,40.1193661624083],[-74.0481136980479,40.1192522320756],[-74.0481886278241,40.1191905625631],[-74.0482388639731,40.1191049681136],[-74.0483585599801,40.118838537129],[-74.0483995982627,40.1187594403176]]}},{"type":"Feature","id":330992,"properties":{"OBJECTID":330992,"PRIMENAME":"Clark Street","ELEVTYP_F":0,"ELEVTYP_T":0},"geometry":{"type":"LineString","coordinates":[[-74.0574281262475,40.1225306719882],[-74.0578144099888,40.1221893146881],[-74.0578703022703,40.122139893042]]}},{"type":"Feature","id":331471,"properties":{"OBJECTID":331471,"PRIMENAME":"Sea Girt Avenue","ELEVTYP_F":0,"ELEVTYP_T":0},"geometry":{"type":"LineString","coordinates":[[-74.0322524120252,40.1235343500565],[-74.0322621647688,40.1235358170323],[-74.0325218165923,40.1236941431417],[-74.0338508842631,40.1245383529667],[-74.0339948600438,40.1246273238664],[-74.0341230282353,40.1247065261115]]}},{"type":"Feature","id":331844,"properties":{"OBJECTID":331844,"PRIMENAME":"North Jackson Avenue","ELEVTYP_F":0,"ELEVTYP_T":0},"geometry":{"type":"LineString","coordinates":[[-74.0405498117476,40.1179344881382],[-74.0411731826017,40.1173661292807],[-74.0413480978502,40.1172085011539]]}},{"type":"Feature","id":332116,"properties":{"OBJECTID":332116,"PRIMENAME":"Timber Lane","ELEVTYP_F":0,"ELEVTYP_T":0},"geometry":{"type":"LineString","coordinates":[[-74.0350042334552,40.1091316766096],[-74.0350060788522,40.1091213071915],[-74.0350994816294,40.1085960387749],[-74.0351164111849,40.1085041122432]]}},{"type":"Feature","id":332450,"properties":{"OBJECTID":332450,"PRIMENAME":"Manito Road","ELEVTYP_F":0,"ELEVTYP_T":0},"geometry":{"type":"LineString","coordinates":[[-74.0614084903631,40.1215042664],[-74.0612275706285,40.1214638374178]]}},{"type":"Feature","id":332530,"properties":{"OBJECTID":332530,"PRIMENAME":"Wagner Lane","ELEVTYP_F":0,"ELEVTYP_T":0},"geometry":{"type":"LineString","coordinates":[[-74.0585430059152,40.13001116377],[-74.0584963826862,40.1300807990539],[-74.0578569030896,40.1310363569799]]}},{"type":"Feature","id":332949,"properties":{"OBJECTID":332949,"PRIMENAME":"McGreevey Drive","ELEVTYP_F":0,"ELEVTYP_T":0},"geometry":{"type":"LineString","coordinates":[[-74.0524603197753,40.1312246821832],[-74.0529450083053,40.1304284968418]]}},{"type":"Feature","id":333170,"properties":{"OBJECTID":333170,"PRIMENAME":"3rd Avenue","ELEVTYP_F":0,"ELEVTYP_T":0},"geometry":{"type":"LineString","coordinates":[[-74.0367500309828,40.1067692839526],[-74.0366421876563,40.107393079163]]}},{"type":"Feature","id":333463,"properties":{"OBJECTID":333463,"PRIMENAME":"Washington Boulevard","ELEVTYP_F":0,"ELEVTYP_T":0},"geometry":{"type":"LineString","coordinates":[[-74.0393711037441,40.129655321897],[-74.0389054777514,40.1295822842153],[-74.0379999133746,40.1294404488667],[-74.0375821276422,40.1293748436166]]}},{"type":"Feature","id":333704,"properties":{"OBJECTID":333704,"PRIMENAME":"Ocean Avenue","ELEVTYP_F":0,"ELEVTYP_T":0},"geometry":{"type":"LineString","coordinates":[[-74.036109317179,40.1004253391698],[-74.0358463892429,40.1018448034642]]}},{"type":"Feature","id":334149,"properties":{"OBJECTID":334149,"PRIMENAME":"Lake Avenue","ELEVTYP_F":0,"ELEVTYP_T":0},"geometry":{"type":"LineString","coordinates":[[-74.0392848927946,40.1190681032599],[-74.0393733624311,40.1191367578212],[-74.0407518108702,40.1200287444148],[-74.0408235186778,40.120075149288]]}},{"type":"Feature","id":336038,"properties":{"OBJECTID":336038,"PRIMENAME":"Cresent Parkway","ELEVTYP_F":0,"ELEVTYP_T":0},"geometry":{"type":"LineString","coordinates":[[-74.0372786506069,40.1305268197097],[-74.0354512178671,40.1302403076211],[-74.035136251418,40.1301908634282]]}},{"type":"Feature","id":336111,"properties":{"OBJECTID":336111,"PRIMENAME":"South Jackson Avenue","ELEVTYP_F":0,"ELEVTYP_T":0},"geometry":{"type":"LineString","coordinates":[[-74.0432954500098,40.1154444891471],[-74.0433993900614,40.1153518093331],[-74.0438651294231,40.1149365200082],[-74.0438962833059,40.1149083665201]]}},{"type":"Feature","id":336286,"properties":{"OBJECTID":336286,"PRIMENAME":"Minnehaha Trail","ELEVTYP_F":0,"ELEVTYP_T":0},"geometry":{"type":"LineString","coordinates":[[-74.0647268836236,40.1215223401063],[-74.064610790919,40.1215079295783],[-74.0635382775058,40.1212655736656],[-74.0630795178626,40.1211637496597],[-74.0620792879291,40.1209313596093],[-74.0619326817256,40.1208972969217],[-74.0618524739717,40.1208786618343]]}},{"type":"Feature","id":336856,"properties":{"OBJECTID":336856,"PRIMENAME":"4th Avenue","ELEVTYP_F":0,"ELEVTYP_T":0},"geometry":{"type":"LineString","coordinates":[[-74.0372786506069,40.1305268197097],[-74.0371482543828,40.1310121279697]]}},{"type":"Feature","id":337210,"properties":{"OBJECTID":337210,"PRIMENAME":"Virginia Avenue","ELEVTYP_F":0,"ELEVTYP_T":0},"geometry":{"type":"LineString","coordinates":[[-74.0510441572533,40.1193780800437],[-74.0513623617256,40.1195764806459],[-74.0518879835995,40.1198930993105],[-74.0522898945238,40.1201424992358],[-74.0528896365344,40.1205165565141],[-74.0534646931073,40.1208714641762],[-74.05415100634,40.1213030611562],[-74.0545531503671,40.1215190980653],[-74.054632830947,40.1215618745758]]}},{"type":"Feature","id":337370,"properties":{"OBJECTID":337370,"PRIMENAME":"North Potter Avenue","ELEVTYP_F":0,"ELEVTYP_T":0},"geometry":{"type":"LineString","coordinates":[[-74.0400965687357,40.1163904628741],[-74.0396311657426,40.1168118836099],[-74.0392828973261,40.1171225849589]]}},{"type":"Feature","id":338909,"properties":{"OBJECTID":338909,"PRIMENAME":"Ocean Avenue","ELEVTYP_F":0,"ELEVTYP_T":0},"geometry":{"type":"LineString","coordinates":[[-74.0492006524987,40.1081857381067],[-74.0491144260367,40.1081011367603],[-74.048698220698,40.1075913806531]]}},{"type":"Feature","id":340359,"properties":{"OBJECTID":340359,"PRIMENAME":"Union Avenue","ELEVTYP_F":0,"ELEVTYP_T":0},"geometry":{"type":"LineString","coordinates":[[-74.0589660075333,40.1093985435736],[-74.0589580585846,40.1093654991831],[-74.0589517674862,40.1093322448586],[-74.058947143509,40.1092988296186],[-74.0589441934665,40.1092653027186],[-74.0589430816752,40.1092401245515],[-74.0589429141068,40.1092149322452],[-74.0589442916974,40.1091790837827],[-74.0589540993758,40.1091102499807],[-74.0589672592648,40.1090352368688],[-74.0589829586222,40.1089605123151],[-74.0589855461964,40.1089447935216],[-74.0589861794571,40.1089289571222],[-74.0589848526904,40.1089131460455],[-74.0589815778721,40.1088975029914],[-74.0589765371762,40.108881602744],[-74.0589701920226,40.1088659802823],[-74.0589625680109,40.1088506986327],[-74.0589536958996,40.1088358194466]]}},{"type":"Feature","id":340475,"properties":{"OBJECTID":340475,"PRIMENAME":"Wainright Place","ELEVTYP_F":0,"ELEVTYP_T":0},"geometry":{"type":"LineString","coordinates":[[-74.0530754283025,40.1072791363486],[-74.0531784278567,40.1071681365584],[-74.0532484276011,40.1072231360266],[-74.0533714268853,40.1072971363065],[-74.0534134280416,40.1073131350675],[-74.053470426785,40.1073261355963],[-74.0535354272392,40.1073311354999],[-74.0535844285731,40.1073301354634],[-74.0536394262561,40.1073221358447],[-74.0536924279942,40.1073081362271],[-74.0540084258945,40.1071701357723],[-74.0540754271279,40.1071331367552],[-74.054191427532,40.1070361350776],[-74.0543004284923,40.1069531363769]]}},{"type":"Feature","id":340878,"properties":{"OBJECTID":340878,"PRIMENAME":"North Potter Avenue","ELEVTYP_F":0,"ELEVTYP_T":0},"geometry":{"type":"LineString","coordinates":[[-74.0390317933294,40.1173465899985],[-74.0384806187194,40.1178382190035]]}},{"type":"Feature","id":340946,"properties":{"OBJECTID":340946,"PRIMENAME":"Broad Street","ELEVTYP_F":0,"ELEVTYP_T":0},"geometry":{"type":"LineString","coordinates":[[-74.0493604613795,40.1261062764385],[-74.0492168094866,40.1262406211844]]}},{"type":"Feature","id":341441,"properties":{"OBJECTID":341441,"PRIMENAME":"Parker Avenue","ELEVTYP_F":0,"ELEVTYP_T":0},"geometry":{"type":"LineString","coordinates":[[-74.0449476368764,40.1282011144847],[-74.0447908636629,40.1284722270109],[-74.0445907276176,40.1288206961779],[-74.0440451845512,40.1297941726113],[-74.0437849970363,40.1302487017865],[-74.0437048110683,40.130404016127],[-74.0436472920117,40.1305177990807]]}},{"type":"Feature","id":341786,"properties":{"OBJECTID":341786,"PRIMENAME":"Trenton Boulevard","ELEVTYP_F":0,"ELEVTYP_T":0},"geometry":{"type":"LineString","coordinates":[[-74.0357320405419,40.1279647895202],[-74.0334188166676,40.1276024208818]]}},{"type":"Feature","id":342134,"properties":{"OBJECTID":342134,"PRIMENAME":"Church Street","ELEVTYP_F":0,"ELEVTYP_T":0},"geometry":{"type":"LineString","coordinates":[[-74.0577633844336,40.1252130091409],[-74.0568167234982,40.1245681721878]]}},{"type":"Feature","id":342724,"properties":{"OBJECTID":342724,"PRIMENAME":"Neptune Place","ELEVTYP_F":0,"ELEVTYP_T":0},"geometry":{"type":"LineString","coordinates":[[-74.033954964289,40.1255785520495],[-74.0342346529826,40.125621817589],[-74.0355619431508,40.1258320566273],[-74.0357146012367,40.1258562495728]]}},{"type":"Feature","id":342917,"properties":{"OBJECTID":342917,"PRIMENAME":"Union Lane","ELEVTYP_F":0,"ELEVTYP_T":0},"geometry":{"type":"LineString","coordinates":[[-74.0545480795042,40.108940850584],[-74.0542077637304,40.1087289764937],[-74.0537938777811,40.1084719871265]]}},{"type":"Feature","id":343395,"properties":{"OBJECTID":343395,"PRIMENAME":"7th Avenue","ELEVTYP_F":0,"ELEVTYP_T":0},"geometry":{"type":"LineString","coordinates":[[-74.0434077128778,40.1314619793687],[-74.0432938004152,40.1319588405554],[-74.0431661293009,40.1324910604278]]}},{"type":"Feature","id":343623,"properties":{"OBJECTID":343623,"PRIMENAME":"River Place","ELEVTYP_F":0,"ELEVTYP_T":0},"geometry":{"type":"LineString","coordinates":[[-74.0444810741402,40.114379809142],[-74.044260869751,40.1142374773015],[-74.0441742697569,40.1141941998371],[-74.0441123578125,40.1141700996496],[-74.0440007172218,40.1141553851645],[-74.0429266707014,40.1141702587064],[-74.0427775887351,40.1141722777628]]}},{"type":"Feature","id":343640,"properties":{"OBJECTID":343640,"PRIMENAME":"2nd Avenue","ELEVTYP_F":0,"ELEVTYP_T":0},"geometry":{"type":"LineString","coordinates":[[-74.0351934331273,40.1103253800968],[-74.0351737692581,40.1104408513258],[-74.0349409937203,40.1118077904406],[-74.0348247507334,40.1124956533809]]}},{"type":"Feature","id":344191,"properties":{"OBJECTID":344191,"PRIMENAME":"Curtis Place","ELEVTYP_F":0,"ELEVTYP_T":0},"geometry":{"type":"LineString","coordinates":[[-74.0461732483522,40.1286014380941],[-74.0459504724406,40.1290048365455],[-74.0453975702242,40.129979718081],[-74.0449514373046,40.1307739084529],[-74.0449079322493,40.1308513468143]]}},{"type":"Feature","id":344279,"properties":{"OBJECTID":344279,"PRIMENAME":"Unnamed Segment","ELEVTYP_F":0,"ELEVTYP_T":0},"geometry":{"type":"LineString","coordinates":[[-74.0428367557376,40.1286294775144],[-74.0428916826904,40.1286649165209],[-74.0429354242751,40.1286931392008]]}},{"type":"Feature","id":344429,"properties":{"OBJECTID":344429,"PRIMENAME":"1st Avenue","ELEVTYP_F":0,"ELEVTYP_T":0},"geometry":{"type":"LineString","coordinates":[[-74.0350594809974,40.1059534136063],[-74.035261673576,40.1048218694255],[-74.0353979410126,40.1040449379554],[-74.0354036810902,40.104012217338],[-74.0354181851133,40.1039296967591]]}},{"type":"Feature","id":344560,"properties":{"OBJECTID":344560,"PRIMENAME":"Union Lane","ELEVTYP_F":0,"ELEVTYP_T":0},"geometry":{"type":"LineString","coordinates":[[-74.0559296329449,40.1097998354262],[-74.0556791448827,40.1096450011731],[-74.0553850430936,40.1094619407176]]}},{"type":"Feature","id":345045,"properties":{"OBJECTID":345045,"PRIMENAME":"Lakewood Road","ELEVTYP_F":0,"ELEVTYP_T":0},"geometry":{"type":"LineString","coordinates":[[-74.0578703022703,40.122139893042],[-74.0578829891351,40.1221466948214],[-74.0579944550329,40.1221852526469],[-74.0583564388145,40.122266137183]]}},{"type":"Feature","id":346348,"properties":{"OBJECTID":346348,"PRIMENAME":"2nd Avenue","ELEVTYP_F":0,"ELEVTYP_T":0},"geometry":{"type":"LineString","coordinates":[[-74.0327830818293,40.1300159352945],[-74.0327173656337,40.1301437105935],[-74.0326604241367,40.130229974478]]}},{"type":"Feature","id":347228,"properties":{"OBJECTID":347228,"PRIMENAME":"Fisk Avenue","ELEVTYP_F":0,"ELEVTYP_T":0},"geometry":{"type":"LineString","coordinates":[[-74.0478235159165,40.1124276927222],[-74.0477235298526,40.1124024883765]]}},{"type":"Feature","id":347366,"properties":{"OBJECTID":347366,"PRIMENAME":"Allen Avenue","ELEVTYP_F":0,"ELEVTYP_T":0},"geometry":{"type":"LineString","coordinates":[[-74.0558017175889,40.1250311758396],[-74.0569219018297,40.1257795793927],[-74.0570040854525,40.1258344978672]]}},{"type":"Feature","id":347463,"properties":{"OBJECTID":347463,"PRIMENAME":"North Jackson Avenue","ELEVTYP_F":0,"ELEVTYP_T":0},"geometry":{"type":"LineString","coordinates":[[-74.0386833266083,40.1195959626632],[-74.0387748405833,40.1195156706671],[-74.0392848927946,40.1190681032599]]}},{"type":"Feature","id":349767,"properties":{"OBJECTID":349767,"PRIMENAME":"State Highway 35","ELEVTYP_F":0,"ELEVTYP_T":0},"geometry":{"type":"LineString","coordinates":[[-74.0566260873134,40.1083024699041],[-74.0566565417742,40.1083310824659],[-74.0567507181061,40.1084135001445]]}},{"type":"Feature","id":350024,"properties":{"OBJECTID":350024,"PRIMENAME":"Hawthorne Avenue","ELEVTYP_F":0,"ELEVTYP_T":0},"geometry":{"type":"LineString","coordinates":[[-74.0506867032114,40.1006052990481],[-74.0507080362054,40.1006339048397],[-74.0508010753406,40.1007563568803],[-74.0509682924638,40.1009764303582],[-74.0509771192595,40.1009880789693],[-74.052172430557,40.1025654915075],[-74.0525905410574,40.1031201972282],[-74.0526077705043,40.1031430566237],[-74.0532462749099,40.1039916583623]]}},{"type":"Feature","id":350146,"properties":{"OBJECTID":350146,"PRIMENAME":"State Highway 35","ELEVTYP_F":1,"ELEVTYP_T":1},"geometry":{"type":"LineString","coordinates":[[-74.0589559035469,40.1097284633147],[-74.0589705259778,40.1097340095914],[-74.0590166029744,40.1097523312032]]}},{"type":"Feature","id":350161,"properties":{"OBJECTID":350161,"PRIMENAME":"Higgins Avenue","ELEVTYP_F":0,"ELEVTYP_T":0},"geometry":{"type":"LineString","coordinates":[[-74.0592041359488,40.1081401514057],[-74.0601510726064,40.1087493383475],[-74.0603516172348,40.1088660255849]]}},{"type":"Feature","id":350416,"properties":{"OBJECTID":350416,"PRIMENAME":"Narrumson Road","ELEVTYP_F":0,"ELEVTYP_T":0},"geometry":{"type":"LineString","coordinates":[[-74.0573103417544,40.1212991751965],[-74.0574226760449,40.1213251353881],[-74.0583649423254,40.1215432227437],[-74.0598776304714,40.1218778407462],[-74.0605911524466,40.122040144542],[-74.0609526219689,40.1221223619413]]}},{"type":"Feature","id":350799,"properties":{"OBJECTID":350799,"PRIMENAME":"Union Avenue","ELEVTYP_F":0,"ELEVTYP_T":0},"geometry":{"type":"LineString","coordinates":[[-74.0590149834323,40.1096541806189],[-74.0590138188275,40.1096379809056],[-74.0590123890369,40.1096217936928],[-74.0590106987411,40.1096056207998],[-74.0590087432132,40.1095894676128],[-74.0590065248112,40.1095733323392],[-74.0590040458521,40.1095572194914],[-74.0590013051456,40.1095411317669],[-74.0589660075333,40.1093985435736]]}},{"type":"Feature","id":351076,"properties":{"OBJECTID":351076,"PRIMENAME":"Pearce Avenue","ELEVTYP_F":0,"ELEVTYP_T":0},"geometry":{"type":"LineString","coordinates":[[-74.0483276306358,40.1254419818617],[-74.0486185665709,40.1251755872485],[-74.0497868227658,40.1240791613663],[-74.0505738288125,40.1233625104562],[-74.0506024923525,40.1232781418251],[-74.050612047235,40.1232500198483]]}},{"type":"Feature","id":351346,"properties":{"OBJECTID":351346,"PRIMENAME":"Union Avenue","ELEVTYP_F":0,"ELEVTYP_T":0},"geometry":{"type":"LineString","coordinates":[[-74.0586927546008,40.110447334363],[-74.058663900446,40.1104947551902],[-74.0586342533121,40.1105418867755],[-74.0586038181145,40.110588721302],[-74.0585725998995,40.1106352510019],[-74.0585406038432,40.110681468158],[-74.0585078352507,40.110727365105],[-74.0584742995553,40.1107729342306],[-74.0584400023177,40.110818167977]]}},{"type":"Feature","id":351647,"properties":{"OBJECTID":351647,"PRIMENAME":"Union Avenue","ELEVTYP_F":0,"ELEVTYP_T":0},"geometry":{"type":"LineString","coordinates":[[-74.0589491895129,40.1096276029734],[-74.0589507608013,40.1096401745991],[-74.058952123295,40.1096527605797],[-74.0589532767726,40.1096653588712],[-74.0589542210466,40.1096779674269],[-74.0589549559635,40.109690584199],[-74.0589554814039,40.109703207138],[-74.0589557972821,40.1097158341936],[-74.0589559035469,40.1097284633147]]}},{"type":"Feature","id":352012,"properties":{"OBJECTID":352012,"PRIMENAME":"Union Avenue","ELEVTYP_F":0,"ELEVTYP_T":0},"geometry":{"type":"LineString","coordinates":[[-74.0590166029744,40.1097523312032],[-74.0590170054079,40.109735970829],[-74.0590171404075,40.1097196076353],[-74.0590170044424,40.1097032434098],[-74.0590166009971,40.10968688357],[-74.0590159265586,40.1096705272018],[-74.0590149834323,40.1096541806189]]}},{"type":"Feature","id":352248,"properties":{"OBJECTID":352248,"PRIMENAME":"State Highway 35","ELEVTYP_F":0,"ELEVTYP_T":1},"geometry":{"type":"LineString","coordinates":[[-74.0532462749099,40.1039916583623],[-74.0537569021529,40.1046702839154],[-74.0540817072605,40.1050995810171],[-74.0543991550363,40.1055191511597],[-74.0546845616758,40.1058963657207],[-74.0549627904037,40.1062692737072],[-74.0550791098758,40.1064251731809]]}},{"type":"Feature","id":353162,"properties":{"OBJECTID":353162,"PRIMENAME":"Union Avenue","ELEVTYP_F":0,"ELEVTYP_T":0},"geometry":{"type":"LineString","coordinates":[[-74.0588021708162,40.1091401353404],[-74.0588057624127,40.1091773929962],[-74.0588121025553,40.1092144340408],[-74.0588207686896,40.1092500364994],[-74.0588319573544,40.1092852218236],[-74.0588430232318,40.1093137664015],[-74.0588557497088,40.1093419000024],[-74.0588863931505,40.1094088295137],[-74.058914232159,40.1094764775355],[-74.0589257705401,40.1095138490304],[-74.058935451761,40.1095515300904],[-74.0589432618441,40.1095894663245],[-74.0589491895129,40.1096276029734]]}},{"type":"Feature","id":353951,"properties":{"OBJECTID":353951,"PRIMENAME":"State Highway 35","ELEVTYP_F":1,"ELEVTYP_T":0},"geometry":{"type":"LineString","coordinates":[[-74.0590166029744,40.1097523312032],[-74.0591345697888,40.1097993188592],[-74.0591609281767,40.1098098185344],[-74.0594117927045,40.1098965366394],[-74.0596951569738,40.1099834317951],[-74.0599926198321,40.1100631878211],[-74.0603644887701,40.1101539869589],[-74.0606672031323,40.1102234392965],[-74.0607921602557,40.1102521074577],[-74.0611175479218,40.1103319935044],[-74.0617962383647,40.1104882729248],[-74.0622006618281,40.1105827308365],[-74.0623377548909,40.1106146001152]]}},{"type":"Feature","id":354452,"properties":{"OBJECTID":354452,"PRIMENAME":"Union Avenue","ELEVTYP_F":0,"ELEVTYP_T":0},"geometry":{"type":"LineString","coordinates":[[-74.0589559035469,40.1097284633147],[-74.0589543799597,40.1097791517457],[-74.058949557719,40.1098297182957],[-74.0589414488788,40.1098800364856],[-74.0589300737143,40.1099299804572],[-74.0589156687934,40.1099818596407],[-74.0588992261413,40.1100333804232],[-74.0588807608093,40.1100844956291],[-74.0588602897009,40.110135158454],[-74.0588378315565,40.1101853225078],[-74.0588134069359,40.1102349418568],[-74.0587870381997,40.1102839710661],[-74.0587587494889,40.110332365241],[-74.0587263298094,40.1103900453209],[-74.0586927546008,40.110447334363]]}},{"type":"Feature","id":357641,"properties":{"OBJECTID":357641,"PRIMENAME":"Unnamed Segment","ELEVTYP_F":0,"ELEVTYP_T":0},"geometry":{"type":"LineString","coordinates":[[-74.0561404676053,40.1076338580456],[-74.0561210029447,40.1075535374914],[-74.0560976350669,40.1075018366701],[-74.0560794689439,40.1074583358356],[-74.0560548995128,40.107393535286],[-74.0560264513247,40.1073037914999],[-74.0560022286008,40.1072131037691],[-74.0559841906088,40.1071224946832],[-74.0559824994169,40.1070196214331],[-74.0559825391693,40.1070191000866]]}},{"type":"Feature","id":357724,"properties":{"OBJECTID":357724,"PRIMENAME":"State Highway 35","ELEVTYP_F":1,"ELEVTYP_T":1},"geometry":{"type":"LineString","coordinates":[[-74.0590149834323,40.1096541806189],[-74.0589990398134,40.1096483275868],[-74.0589491895129,40.1096276029734]]}},{"type":"Feature","id":360055,"properties":{"OBJECTID":360055,"PRIMENAME":"State Highway 35","ELEVTYP_F":0,"ELEVTYP_T":0},"geometry":{"type":"LineString","coordinates":[[-74.0562349492048,40.1077459532122],[-74.0561858698365,40.1076894315867],[-74.056172675421,40.1076732659056],[-74.0561404676053,40.1076338580456]]}},{"type":"Feature","id":361254,"properties":{"OBJECTID":361254,"PRIMENAME":"North McClellan Avenue","ELEVTYP_F":0,"ELEVTYP_T":0},"geometry":{"type":"LineString","coordinates":[[-74.0420774555291,40.1189357916928],[-74.0422626748525,40.1187669191677],[-74.0427356111573,40.1183415367012],[-74.0428060510656,40.1182781785644],[-74.0428835457467,40.1182079030325]]}},{"type":"Feature","id":365285,"properties":{"OBJECTID":365285,"PRIMENAME":"Higgins Avenue","ELEVTYP_F":0,"ELEVTYP_T":0},"geometry":{"type":"LineString","coordinates":[[-74.0603516172348,40.1088660255849],[-74.0606747268598,40.1090540264985],[-74.0608189547304,40.1091379448097],[-74.0609637857803,40.1092226100964],[-74.0609664280681,40.1092241539847],[-74.0612456482792,40.1093873810162],[-74.0617280738289,40.1096608821823],[-74.0619948887123,40.1098205360648],[-74.0621609331972,40.1099198919385],[-74.0622907047534,40.1100061730103],[-74.0623778445128,40.1100888342216]]}},{"type":"Feature","id":366497,"properties":{"OBJECTID":366497,"PRIMENAME":"Pearce Court","ELEVTYP_F":0,"ELEVTYP_T":0},"geometry":{"type":"LineString","coordinates":[[-74.0371448259117,40.1142413781775],[-74.0370531282387,40.1143232336271],[-74.0360538201907,40.1152152727896],[-74.0360399736677,40.1152332373697],[-74.0360342718012,40.1152448703203],[-74.0360302222198,40.1152612601134],[-74.0360272537758,40.1152785846472]]}},{"type":"Feature","id":366576,"properties":{"OBJECTID":366576,"PRIMENAME":"Ashley Avenue","ELEVTYP_F":1,"ELEVTYP_T":0},"geometry":{"type":"LineString","coordinates":[[-74.0550791098758,40.1064251731809],[-74.0552008215622,40.1065883545956]]}},{"type":"Feature","id":367994,"properties":{"OBJECTID":367994,"PRIMENAME":"State Highway 35","ELEVTYP_F":0,"ELEVTYP_T":0},"geometry":{"type":"LineString","coordinates":[[-74.0552008215622,40.1065883545956],[-74.0556775690977,40.1072125433052],[-74.0557045736104,40.1072478989531],[-74.0559630928361,40.1075849156769],[-74.0562310133981,40.1079005269348],[-74.0563411639103,40.1080222860862],[-74.0564159596625,40.1081049639578],[-74.0564231893478,40.1081117585196],[-74.0566260873134,40.1083024699041]]}},{"type":"Feature","id":371698,"properties":{"OBJECTID":371698,"PRIMENAME":"Abe Voorhees Drive","ELEVTYP_F":0,"ELEVTYP_T":0},"geometry":{"type":"LineString","coordinates":[[-74.0525328166626,40.1235834333364],[-74.0524724759852,40.1235414443733],[-74.0520141947786,40.1232225067467],[-74.0519903970043,40.1232059438423],[-74.0516910786473,40.1229135919282],[-74.051657273297,40.1228805725067],[-74.0512919376444,40.122614072157]]}},{"type":"Feature","id":372315,"properties":{"OBJECTID":372315,"PRIMENAME":"State Highway 35","ELEVTYP_F":1,"ELEVTYP_T":0},"geometry":{"type":"LineString","coordinates":[[-74.0551570901326,40.1063476432726],[-74.0550385085344,40.1061902130206],[-74.0548472596733,40.1059363044017],[-74.0544981828271,40.1054750389555],[-74.0544918715667,40.1054666986187],[-74.0541563852381,40.105028701448],[-74.0540579664573,40.1049002094546],[-74.0534950430621,40.1041366306104],[-74.0533448927193,40.1039413172829]]}},{"type":"Feature","id":372539,"properties":{"OBJECTID":372539,"PRIMENAME":"Union Avenue","ELEVTYP_F":0,"ELEVTYP_T":0},"geometry":{"type":"LineString","coordinates":[[-74.0581417942666,40.1111684018011],[-74.0580898343822,40.1112284237771],[-74.0580376502754,40.1112883309878]]}},{"type":"Feature","id":372707,"properties":{"OBJECTID":372707,"PRIMENAME":"North McClellan Avenue","ELEVTYP_F":0,"ELEVTYP_T":0},"geometry":{"type":"LineString","coordinates":[[-74.0412716964686,40.1196703193985],[-74.0420774555291,40.1189357916928]]}},{"type":"Feature","id":373480,"properties":{"OBJECTID":373480,"PRIMENAME":"Rogers Avenue","ELEVTYP_F":0,"ELEVTYP_T":0},"geometry":{"type":"LineString","coordinates":[[-74.0360272537758,40.1152785846472],[-74.0357875812505,40.1151141126323]]}},{"type":"Feature","id":377315,"properties":{"OBJECTID":377315,"PRIMENAME":"Union Avenue","ELEVTYP_F":0,"ELEVTYP_T":0},"geometry":{"type":"LineString","coordinates":[[-74.0584400023177,40.110818167977],[-74.0582917306209,40.1109937025955],[-74.0581417942666,40.1111684018011]]}},{"type":"Feature","id":377690,"properties":{"OBJECTID":377690,"PRIMENAME":"Union Avenue","ELEVTYP_F":0,"ELEVTYP_T":0},"geometry":{"type":"LineString","coordinates":[[-74.0587517638645,40.1104451156169],[-74.0587666067714,40.1104249138806],[-74.0587810694686,40.1104045512722],[-74.0587951449241,40.1103840268642],[-74.05880883308,40.1103633496634],[-74.0588221280538,40.1103425223498],[-74.0588350321629,40.1103215494355],[-74.0588475371615,40.1103004362936],[-74.0588596430325,40.1102791856262],[-74.0588713485681,40.1102578028329],[-74.0588826490476,40.1102362923992],[-74.058893542102,40.110214657919],[-74.0589040265236,40.1101929047921],[-74.0589141011107,40.1101710375172],[-74.0589237611425,40.1101490605801],[-74.0589330077633,40.1101269784886],[-74.0589418339062,40.1101047957195],[-74.0589502442172,40.1100825194958],[-74.0589582328315,40.1100601497954],[-74.0589657961782,40.110037694711],[-74.0589729389322,40.1100151569626],[-74.0589796540209,40.1099925419274],[-74.0589849348935,40.1099727685068],[-74.0589898184905,40.1099529350284],[-74.058994304789,40.109933045095],[-74.0589983890506,40.1099131058942],[-74.0590020759563,40.109893119245],[-74.0590053595947,40.1098730923307],[-74.0590082411159,40.1098530287583],[-74.0590107216585,40.1098329339363],[-74.0590127976803,40.1098128114541],[-74.0590144691411,40.1097926676163],[-74.0590157395371,40.109772506039],[-74.0590166029744,40.1097523312032]]}},{"type":"Feature","id":377698,"properties":{"OBJECTID":377698,"PRIMENAME":"North McClellan Avenue","ELEVTYP_F":0,"ELEVTYP_T":0},"geometry":{"type":"LineString","coordinates":[[-74.0408235186778,40.120075149288],[-74.0412007435243,40.119735047196],[-74.0412716964686,40.1196703193985]]}},{"type":"Feature","id":378557,"properties":{"OBJECTID":378557,"PRIMENAME":"Rogers Avenue","ELEVTYP_F":0,"ELEVTYP_T":0},"geometry":{"type":"LineString","coordinates":[[-74.03636725383,40.1155119775942],[-74.0360272537758,40.1152785846472]]}},{"type":"Feature","id":378903,"properties":{"OBJECTID":378903,"PRIMENAME":"North McClellan Avenue","ELEVTYP_F":0,"ELEVTYP_T":0},"geometry":{"type":"LineString","coordinates":[[-74.0404488430072,40.1204129824042],[-74.0408235186778,40.120075149288]]}},{"type":"Feature","id":379053,"properties":{"OBJECTID":379053,"PRIMENAME":"Pearce Court","ELEVTYP_F":0,"ELEVTYP_T":0},"geometry":{"type":"LineString","coordinates":[[-74.0360272537758,40.1152785846472],[-74.0360221201269,40.115295333074],[-74.0360135464717,40.1153155903067],[-74.0360033105488,40.1153323858437],[-74.0359908399485,40.115348469891],[-74.0355974371768,40.1156853064703]]}},{"type":"Feature","id":380161,"properties":{"OBJECTID":380161,"PRIMENAME":"State Highway 35","ELEVTYP_F":0,"ELEVTYP_T":1},"geometry":{"type":"LineString","coordinates":[[-74.0567507181061,40.1084135001445],[-74.0568370729898,40.1084890515933],[-74.0570013877118,40.1086226668426],[-74.0570269594816,40.1086434606676],[-74.0571242197806,40.1087189437239],[-74.0571257793354,40.1087201151781],[-74.0572251193647,40.1087947324334],[-74.0572724839594,40.1088303114511],[-74.0574346906412,40.1089417592832],[-74.0576154799439,40.1090604158204],[-74.0578102717764,40.1091755281835],[-74.0578705278625,40.1092108436325],[-74.0580189988567,40.1092978601735],[-74.0582556124524,40.1094202972462],[-74.0585155159183,40.1095464190596],[-74.0587708291278,40.1096581928488],[-74.0588188421246,40.109676421938],[-74.0589559035469,40.1097284633147]]}},{"type":"Feature","id":380483,"properties":{"OBJECTID":380483,"PRIMENAME":"The Plaza","ELEVTYP_F":0,"ELEVTYP_T":0},"geometry":{"type":"LineString","coordinates":[[-74.042306102349,40.1298510855978],[-74.0421760741954,40.1300997623418]]}},{"type":"Feature","id":382519,"properties":{"OBJECTID":382519,"PRIMENAME":"Riverview Drive","ELEVTYP_F":0,"ELEVTYP_T":0},"geometry":{"type":"LineString","coordinates":[[-74.057425908288,40.1081012229355],[-74.0573834378063,40.108150174297],[-74.0573331274657,40.1081896240379],[-74.0573182714041,40.1081990181849],[-74.0572895439326,40.1082171851589],[-74.0572533084765,40.1082309379731],[-74.0572098871002,40.1082390898434],[-74.057166536858,40.1082416973302],[-74.0571213813872,40.1082359791377],[-74.057072668666,40.108227474104],[-74.0570203783379,40.1082142582758],[-74.0570113457175,40.1082119765113],[-74.0569156806905,40.1081935733952],[-74.0568860429814,40.1081878595309]]}},{"type":"Feature","id":382860,"properties":{"OBJECTID":382860,"PRIMENAME":"FR RT 35 NB to RT 71 NB","ELEVTYP_F":0,"ELEVTYP_T":0},"geometry":{"type":"LineString","coordinates":[[-74.058290511651,40.1103483429627],[-74.0583048591381,40.1104243329102],[-74.0583140636842,40.1105268501301],[-74.0583084178744,40.1106369152277],[-74.0582928191915,40.1107545189563],[-74.0582707422433,40.1108232563511],[-74.0582574967565,40.1108644987882],[-74.0581417942666,40.1111684018011]]}},{"type":"Feature","id":382897,"properties":{"OBJECTID":382897,"PRIMENAME":"Abe Voorhees Drive","ELEVTYP_F":0,"ELEVTYP_T":0},"geometry":{"type":"LineString","coordinates":[[-74.0504421595288,40.1217626066673],[-74.0506521407537,40.1218424144575],[-74.0509184594394,40.1219387913939],[-74.051029863292,40.1219916585765],[-74.0511412359082,40.1220493018706],[-74.0512834296261,40.1221403655525],[-74.0514501988713,40.1222792372011],[-74.051585884818,40.1224084346826],[-74.0515998023385,40.1224215908519]]}},{"type":"Feature","id":383775,"properties":{"OBJECTID":383775,"PRIMENAME":"Union Lane","ELEVTYP_F":0,"ELEVTYP_T":0},"geometry":{"type":"LineString","coordinates":[[-74.0581417942666,40.1111684018011],[-74.0581153705186,40.1111519940324],[-74.057626633588,40.1108487490905],[-74.0559296329449,40.1097998354262]]}},{"type":"Feature","id":386138,"properties":{"OBJECTID":386138,"PRIMENAME":"Hawthorne Avenue","ELEVTYP_F":0,"ELEVTYP_T":0},"geometry":{"type":"LineString","coordinates":[[-74.0533448927193,40.1039413172829],[-74.0529272859427,40.103398093774],[-74.0526841381185,40.1030786109238],[-74.0524934302285,40.102828030248],[-74.0522620517395,40.1025227093636],[-74.0519616209547,40.1021169993797],[-74.0514631977376,40.1014573490297],[-74.0511909462873,40.1010952593222],[-74.0510724053261,40.1009286983657],[-74.0510710409562,40.1009267818143],[-74.0509926217352,40.1008156497916],[-74.050928133696,40.1007117367126],[-74.0509278113088,40.1007111779358],[-74.0508770457584,40.1006233782261],[-74.050845279507,40.1005684399757],[-74.0507532955248,40.1004000703941],[-74.0506843953643,40.1002603970891],[-74.0506435384326,40.1001646411851],[-74.0506294027912,40.1001315103157],[-74.050583799262,40.0999883578901]]}},{"type":"Feature","id":388012,"properties":{"OBJECTID":388012,"PRIMENAME":"V Miller Preston Way","ELEVTYP_F":0,"ELEVTYP_T":0},"geometry":{"type":"LineString","coordinates":[[-74.050612047235,40.1232500198483],[-74.0506497924432,40.1231388162713],[-74.0509290045953,40.1229106394874],[-74.0512303122705,40.122664401512],[-74.0512919376444,40.122614072157]]}},{"type":"Feature","id":389301,"properties":{"OBJECTID":389301,"PRIMENAME":"State Highway 35","ELEVTYP_F":1,"ELEVTYP_T":0},"geometry":{"type":"LineString","coordinates":[[-74.0589491895129,40.1096276029734],[-74.0588084462572,40.1095690085653],[-74.0587390193947,40.1095401057951],[-74.0585022756739,40.1094319721477],[-74.0583537902833,40.1093599184091],[-74.0581681544748,40.1092662539571],[-74.0580681519461,40.1092125381652],[-74.0580663903239,40.1092115911249],[-74.0579872246988,40.1091690665598],[-74.0578156147206,40.1090683171099],[-74.0576440635498,40.1089640000022],[-74.0574679230154,40.1088453612697],[-74.0572686464738,40.1087051929426],[-74.0570694635212,40.1085507216937],[-74.0568796005195,40.1083927172279],[-74.0567360924881,40.1082706336875],[-74.0565930368498,40.1081284555344],[-74.0564597954428,40.1079965294954],[-74.0564539212736,40.1079907128704],[-74.0563895680502,40.1079207990463],[-74.0563383595174,40.1078651664179],[-74.0562349492048,40.1077459532122]]}},{"type":"Feature","id":389872,"properties":{"OBJECTID":389872,"PRIMENAME":"Pearce Avenue","ELEVTYP_F":0,"ELEVTYP_T":0},"geometry":{"type":"LineString","coordinates":[[-74.0476440680045,40.1260678493577],[-74.0483276306358,40.1254419818617]]}},{"type":"Feature","id":394534,"properties":{"OBJECTID":394534,"PRIMENAME":"Union Avenue","ELEVTYP_F":0,"ELEVTYP_T":0},"geometry":{"type":"LineString","coordinates":[[-74.0589536958996,40.1088358194466],[-74.0588969357233,40.1088939408951],[-74.0588682435497,40.1089576877382],[-74.0588331622532,40.1090306341892],[-74.0588112209562,40.1090787302458],[-74.0588021708162,40.1091401353404]]}},{"type":"Feature","id":394812,"properties":{"OBJECTID":394812,"PRIMENAME":"Union Avenue","ELEVTYP_F":0,"ELEVTYP_T":0},"geometry":{"type":"LineString","coordinates":[[-74.0589660075333,40.1093985435736],[-74.0589212824759,40.1093149713064],[-74.0588963689101,40.1092762323875],[-74.0588567339515,40.109214604039],[-74.0588540965012,40.1092105030663],[-74.0588021708162,40.1091401353404]]}},{"type":"Feature","id":397402,"properties":{"OBJECTID":397402,"PRIMENAME":"Union Avenue","ELEVTYP_F":0,"ELEVTYP_T":0},"geometry":{"type":"LineString","coordinates":[[-74.0584400023177,40.110818167977],[-74.0584583426851,40.110799535104],[-74.0584764726494,40.1107807852372],[-74.0584943969201,40.1107619156926],[-74.0585121084417,40.1107429291454],[-74.0585296107101,40.1107238292117],[-74.0585468990449,40.1107046140726],[-74.0585639745959,40.1106852873351],[-74.0585808350172,40.1106658489904],[-74.0585974779396,40.1106463026325],[-74.0586139045419,40.1106266473651],[-74.0586301136455,40.1106068840845],[-74.0586461017081,40.1105870163802],[-74.0586618687299,40.1105670442521],[-74.0586774135204,40.110546970398],[-74.0586927325549,40.1105267957051],[-74.0587078316929,40.1105065210966],[-74.0587227027058,40.1104861492431],[-74.0587373467668,40.1104656801495],[-74.0587517638645,40.1104451156169]]}},{"type":"Feature","id":399747,"properties":{"OBJECTID":399747,"PRIMENAME":"Abe Voorhees Drive","ELEVTYP_F":0,"ELEVTYP_T":0},"geometry":{"type":"LineString","coordinates":[[-74.0502654748405,40.1216885769034],[-74.0503734411422,40.1217364893032],[-74.0504421595288,40.1217626066673]]}},{"type":"Feature","id":400078,"properties":{"OBJECTID":400078,"PRIMENAME":"North McClellan Avenue","ELEVTYP_F":0,"ELEVTYP_T":0},"geometry":{"type":"LineString","coordinates":[[-74.0400609248104,40.1207626759721],[-74.0401638953925,40.1206698268887],[-74.0404488430072,40.1204129824042]]}},{"type":"Feature","id":400081,"properties":{"OBJECTID":400081,"PRIMENAME":"State Highway 35","ELEVTYP_F":0,"ELEVTYP_T":1},"geometry":{"type":"LineString","coordinates":[[-74.0623059843864,40.1104392205085],[-74.0620250351807,40.1103819068695],[-74.0616577318814,40.1103090018003],[-74.0612345925886,40.1102287740256],[-74.060704510289,40.1101266712315],[-74.0606678758485,40.1101188818308],[-74.0603279244471,40.1100465896837],[-74.0600443722261,40.1099775938421],[-74.0598119727561,40.1099159576015],[-74.0596261270792,40.1098652043904],[-74.0594309844662,40.1098036811129],[-74.0592451963367,40.1097386515974],[-74.0591212666171,40.1096931788314],[-74.0590149834323,40.1096541806189]]}},{"type":"Feature","id":400587,"properties":{"OBJECTID":400587,"PRIMENAME":"Abe Voorhees Drive","ELEVTYP_F":0,"ELEVTYP_T":0},"geometry":{"type":"LineString","coordinates":[[-74.0512919376444,40.122614072157],[-74.0510332322958,40.122425345808],[-74.0507984441571,40.1222433560087],[-74.0506380372959,40.1220997308688],[-74.0505085676675,40.1219610298404],[-74.0503807221049,40.1218177324624],[-74.050342150276,40.1217745001794],[-74.0502654748405,40.1216885769034]]}},{"type":"Feature","id":401242,"properties":{"OBJECTID":401242,"PRIMENAME":"State Highway 35","ELEVTYP_F":0,"ELEVTYP_T":1},"geometry":{"type":"LineString","coordinates":[[-74.0561404676053,40.1076338580456],[-74.0560591452441,40.1075343562299],[-74.0560334870791,40.1075029634529],[-74.0557887591967,40.1071838991628],[-74.0557475728338,40.1071280444052],[-74.0555350087676,40.1068397623712],[-74.0552952536691,40.106529442866],[-74.0552441809673,40.1064633352535],[-74.0551570901326,40.1063476432726]]}},{"type":"Feature","id":401272,"properties":{"OBJECTID":401272,"PRIMENAME":"Abe Voorhees Drive","ELEVTYP_F":0,"ELEVTYP_T":0},"geometry":{"type":"LineString","coordinates":[[-74.0494373939721,40.1212460827521],[-74.0495317639247,40.1213328716121],[-74.049865876818,40.1215057523428],[-74.0501134723039,40.1216210835592],[-74.0502654748405,40.1216885769034]]}},{"type":"Feature","id":402423,"properties":{"OBJECTID":402423,"PRIMENAME":"Broad Street","ELEVTYP_F":0,"ELEVTYP_T":0},"geometry":{"type":"LineString","coordinates":[[-74.0492168094866,40.1262406211844],[-74.0491568285878,40.1262966922649],[-74.0490128811048,40.1264312571701],[-74.0489404746205,40.1265103688249],[-74.0488768399647,40.1266205089959],[-74.0485175030108,40.1272676851743],[-74.0480444437697,40.1281179514872],[-74.0480401545053,40.128125669834],[-74.0475294883854,40.1290444544685]]}},{"type":"Feature","id":402530,"properties":{"OBJECTID":402530,"PRIMENAME":"Lenape Trail","ELEVTYP_F":0,"ELEVTYP_T":0},"geometry":{"type":"LineString","coordinates":[[-74.0617118424748,40.1201598977218],[-74.0615680085517,40.1205676067456],[-74.0615373787765,40.1206482256539]]}},{"type":"Feature","id":402548,"properties":{"OBJECTID":402548,"PRIMENAME":"Lenape Trail","ELEVTYP_F":0,"ELEVTYP_T":0},"geometry":{"type":"LineString","coordinates":[[-74.0620801260587,40.1195028850853],[-74.0620027623686,40.1195778962734],[-74.0619337600826,40.1196872552087],[-74.0618710107782,40.1197918614125],[-74.0618144473006,40.1198965171039],[-74.0617577353607,40.1200297519002],[-74.0617118424748,40.1201598977218]]}},{"type":"Feature","id":402658,"properties":{"OBJECTID":402658,"PRIMENAME":"South Street","ELEVTYP_F":0,"ELEVTYP_T":0},"geometry":{"type":"LineString","coordinates":[[-74.0587646666356,40.1182855820681],[-74.0588836977723,40.1181768271708],[-74.0590109246448,40.1180605817165]]}},{"type":"Feature","id":403135,"properties":{"OBJECTID":403135,"PRIMENAME":"Narrumson Road","ELEVTYP_F":0,"ELEVTYP_T":0},"geometry":{"type":"LineString","coordinates":[[-74.0609526219689,40.1221223619413],[-74.060975410655,40.1221275462156]]}},{"type":"Feature","id":405436,"properties":{"OBJECTID":405436,"PRIMENAME":"Pennbrook Lane","ELEVTYP_F":0,"ELEVTYP_T":0},"geometry":{"type":"LineString","coordinates":[[-74.0605877236145,40.1264098594347],[-74.0603207922492,40.1269309730266],[-74.060309482144,40.1269562029865],[-74.0603010514649,40.1269820882248],[-74.0602955631556,40.1270084354918],[-74.060293058193,40.1270350480885],[-74.0602935552819,40.1270617273348],[-74.0602970507148,40.1270882740527],[-74.0603035183993,40.1271144900533],[-74.0603129100533,40.1271401796166],[-74.0603915517468,40.1273243099246],[-74.0603973915501,40.1273414270008],[-74.0604004892767,40.1273589608337],[-74.0604007993698,40.1273766535731],[-74.0603983172671,40.1273942450317],[-74.0603592816843,40.1275703250211]]}},{"type":"Feature","id":409040,"properties":{"OBJECTID":409040,"PRIMENAME":"Church Street","ELEVTYP_F":0,"ELEVTYP_T":0},"geometry":{"type":"LineString","coordinates":[[-74.0605877236145,40.1264098594347],[-74.0605630524502,40.1264045310387],[-74.0603219885633,40.1263524679452]]}}]}
